start,bot,btc,eth
2020-12-05 00:00:00+00:00,7.251946014515324,1.5797580487641834,6.03156836461126
2020-12-06 00:00:00+00:00,8.459084374220112,1.6055518249532525,6.22743292216644
2020-12-07 00:00:00+00:00,8.309458372966294,1.6393913465401289,6.283182248680828
2020-12-08 00:00:00+00:00,9.82393098296243,1.7543596933220766,6.995296788842036
2020-12-09 00:00:00+00:00,8.668750419991472,1.5643100152740264,6.164040552094785
2020-12-10 00:00:00+00:00,8.392919302948597,1.5823881393378008,5.973183777885114
2020-12-11 00:00:00+00:00,9.599244142719726,1.738331042611855,6.511287034145805
2020-12-12 00:00:00+00:00,9.654894523703687,1.6612113868642635,6.270614745440462
2020-12-13 00:00:00+00:00,7.9264141641452035,1.435607528348124,5.402454714745216
2020-12-14 00:00:00+00:00,8.011912747472527,1.508324019853537,5.5820498388169675
2020-12-15 00:00:00+00:00,8.484575401723673,1.515386512086884,5.82773851590106
2020-12-16 00:00:00+00:00,7.40251127249352,1.2325389772548312,5.211918139301297
2020-12-17 00:00:00+00:00,7.543369432892831,1.0235503018797076,5.029905087910378
2020-12-18 00:00:00+00:00,7.374075703106914,1.0268182603054696,5.056327903953505
2020-12-19 00:00:00+00:00,6.8733258344128165,0.9596169192594457,4.963466711244168
2020-12-20 00:00:00+00:00,7.35346625679993,1.000133017728876,5.181218465009873
2020-12-21 00:00:00+00:00,7.65586647702867,1.1518707765195946,5.606784291780506
2020-12-22 00:00:00+00:00,6.9647814398361865,1.0405942012003804,5.252667138031267
2020-12-23 00:00:00+00:00,9.125876814936158,1.1882380741676841,6.021330008880389
2020-12-24 00:00:00+00:00,7.776395644192608,1.141665121453736,5.608351978572946
2020-12-25 00:00:00+00:00,8.101509932055377,1.0394424353373015,5.532704763728024
2020-12-26 00:00:00+00:00,7.175102584005421,0.9165342751531609,5.374811746987951
2020-12-27 00:00:00+00:00,7.61185893915407,0.929156681883869,4.892820131073842
2020-12-28 00:00:00+00:00,6.128600867629143,0.7557155048799069,4.192631535712819
2020-12-29 00:00:00+00:00,6.330723651302689,0.696719371918934,3.959275956284153
2020-12-30 00:00:00+00:00,6.447592318075614,0.6318610838100345,3.931425076777856
2020-12-31 00:00:00+00:00,6.108424239122189,0.5978952157803152,3.9920290051872573
2021-01-01 00:00:00+00:00,6.271845597642455,0.6269996716861526,4.165987570481953
2021-01-02 00:00:00+00:00,5.70420370030277,0.4695038555450204,3.9425092956000833
2021-01-03 00:00:00+00:00,5.706523590937476,0.40745544324932825,2.849501165310545
2021-01-04 00:00:00+00:00,5.469427419791753,0.4327558066580366,2.6345313655262474
2021-01-05 00:00:00+00:00,4.748420411626006,0.2798742721916916,2.2200425624795375
2021-01-06 00:00:00+00:00,4.733759933628885,0.17169050535554597,1.8192267589083264
2021-01-07 00:00:00+00:00,4.608605940744223,0.0541231701539957,1.6119016711977596
2021-01-08 00:00:00+00:00,4.310829402644004,0.0270294245272813,1.5317397056527486
2021-01-09 00:00:00+00:00,4.120838283135704,0.04431226929008081,1.47019592476489
2021-01-10 00:00:00+00:00,4.60627329798007,0.09626390759428172,1.457787522423759
2021-01-11 00:00:00+00:00,6.1569984080107165,0.20688969500178933,1.9803957645283852
2021-01-12 00:00:00+00:00,6.536396259730522,0.28931163740292587,2.2102346309133845
2021-01-13 00:00:00+00:00,5.887850459607945,0.1388423440611506,1.8680756533821876
2021-01-14 00:00:00+00:00,6.132388496437305,0.10002580183678411,1.6854224517302416
2021-01-15 00:00:00+00:00,6.080014649674143,0.17260987496128433,1.8463454083335473
2021-01-16 00:00:00+00:00,5.401286102005164,0.19660185948151665,1.725849669742554
2021-01-17 00:00:00+00:00,4.820067911715105,0.17787488825271214,1.6043003772972533
2021-01-18 00:00:00+00:00,4.568814567206563,0.15617394646704863,1.5109062735905279
2021-01-19 00:00:00+00:00,4.658347223328679,0.16072110686962304,1.2587595945391694
2021-01-20 00:00:00+00:00,4.0158084349358205,0.14696758197406523,1.1797398673919202
2021-01-21 00:00:00+00:00,4.267210836633054,0.18136649667278548,1.3116493843162669
2021-01-22 00:00:00+00:00,3.2242755144904436,0.06453905079257449,0.9569534812026417
2021-01-23 00:00:00+00:00,3.2714860165594004,0.1298880852921005,1.0582117380025942
2021-01-24 00:00:00+00:00,2.636235920269295,0.1364061884878749,0.7517217111546775
2021-01-25 00:00:00+00:00,2.7368437087368256,0.14584519225403203,0.8657465019576893
2021-01-26 00:00:00+00:00,2.204736914870676,0.13371937770903264,0.8031069496401821
2021-01-27 00:00:00+00:00,2.3038863688863245,0.22373432259275527,0.956570865919308
2021-01-28 00:00:00+00:00,2.01059184162755,0.13042764153663455,0.9139724296640568
2021-01-29 00:00:00+00:00,1.9345106174956048,0.11428871722108358,0.885777455599855
2021-01-30 00:00:00+00:00,1.4687812574471888,0.10562101025949966,0.8879431080149487
2021-01-31 00:00:00+00:00,1.5830592460842507,0.1623885186525964,1.0471143956420708
2021-02-01 00:00:00+00:00,1.3673788975922814,0.15415387946860903,1.0283007197071687
2021-02-02 00:00:00+00:00,1.32473800323071,0.04032341742457057,0.7730823417357313
2021-02-03 00:00:00+00:00,1.0607314750022065,-0.008167709450071281,0.6193909245474589
2021-02-04 00:00:00+00:00,0.7823706095390746,0.12555520721148028,0.876948241177687
2021-02-05 00:00:00+00:00,0.7382874177740046,0.08076078917238427,0.7523659397739633
2021-02-06 00:00:00+00:00,0.816730709413813,0.08150496058125478,0.8224058221731738
2021-02-07 00:00:00+00:00,0.8612425110321851,0.13002217514368208,0.9482073938025093
2021-02-08 00:00:00+00:00,0.7183079388396283,-0.0502832676404269,0.7808130731651572
2021-02-09 00:00:00+00:00,0.690937130070661,-0.044112052411417135,0.833635741861819
2021-02-10 00:00:00+00:00,0.5398040046788855,-0.02928388455703257,0.7650076402532198
2021-02-11 00:00:00+00:00,0.5618171285225755,-0.11665284886170402,0.6395089660734088
2021-02-12 00:00:00+00:00,0.5154420270538742,-0.10721055837048177,0.586123699911969
2021-02-13 00:00:00+00:00,0.5912635693896504,-0.10815760123969087,0.5819246705161547
2021-02-14 00:00:00+00:00,0.654545347675004,-0.12437473997890802,0.6272591950767044
2021-02-15 00:00:00+00:00,0.7516075711459598,-0.07026012761134681,0.7892482787691444
2021-02-16 00:00:00+00:00,0.6587589548586341,-0.10705313793352589,0.7521422679139615
2021-02-17 00:00:00+00:00,0.49473030763406345,-0.22264149205741934,0.563274374554025
2021-02-18 00:00:00+00:00,0.45897874816361695,-0.2245892544701915,0.4330097287599055
2021-02-19 00:00:00+00:00,0.2890465006244385,-0.2830971630951955,0.41362148337595905
2021-02-20 00:00:00+00:00,0.427918255671103,-0.3125703445789748,0.3706168322007317
2021-02-21 00:00:00+00:00,0.3823767616299605,-0.35535478413762955,0.32815110187067176
2021-02-22 00:00:00+00:00,0.38866223448945325,-0.29317846377926793,0.4830781174405654
2021-02-23 00:00:00+00:00,0.5006399962493933,-0.2381008774621095,0.6349111788527717
2021-02-24 00:00:00+00:00,0.4674499827322405,-0.22845930244261836,0.5992460222127767
2021-02-25 00:00:00+00:00,0.618197646848067,-0.16685654610331502,0.8683921039311624
2021-02-26 00:00:00+00:00,0.6281704206686065,-0.15472416349679663,0.9240545760388761
2021-02-27 00:00:00+00:00,0.5454924848622056,-0.1823468006523168,0.7946205070878452
2021-02-28 00:00:00+00:00,0.7765959142284391,-0.04377159877577963,1.0581955777279837
2021-03-01 00:00:00+00:00,0.5788498216433176,-0.1041770398428783,0.8959206553450627
2021-03-02 00:00:00+00:00,0.7107332268460678,-0.09388127533383628,0.9823376693256569
2021-03-03 00:00:00+00:00,0.7113861663188996,-0.1568116939695572,0.8077489809847609
2021-03-04 00:00:00+00:00,0.6649788117098996,-0.1907101508266097,0.7035140947096925
2021-03-05 00:00:00+00:00,0.6250687304492257,-0.19186506483567445,0.7438543227486571
2021-03-06 00:00:00+00:00,0.5626103042752639,-0.21401225804075918,0.5459084436634654
2021-03-07 00:00:00+00:00,0.5286957981994984,-0.25472443068954864,0.44315706539370603
2021-03-08 00:00:00+00:00,0.5264216909452848,-0.26051543126256205,0.40519207060954177
2021-03-09 00:00:00+00:00,0.35065742730897775,-0.23581867376035126,0.45788047110146435
2021-03-10 00:00:00+00:00,0.41963420680144137,-0.29416512582721455,0.45210348054726146
2021-03-11 00:00:00+00:00,0.2527484711600394,-0.3296269409532039,0.4004206421365115
2021-03-12 00:00:00+00:00,0.21697091402888824,-0.32180717391927405,0.4545042749561181
2021-03-13 00:00:00+00:00,0.200331136451394,-0.38260607935590396,0.3086326631466696
2021-03-14 00:00:00+00:00,0.2571198468035798,-0.3272425477345373,0.4011200692603214
2021-03-15 00:00:00+00:00,0.25600911405253,-0.29358531216504924,0.4595813725271538
2021-03-16 00:00:00+00:00,0.26656466249728417,-0.27744361893296665,0.5366346835667435
2021-03-17 00:00:00+00:00,0.23264623323298728,-0.30545175366307287,0.5419778677107667
2021-03-18 00:00:00+00:00,0.29467911464784957,-0.2756488671971491,0.6547227602360255
2021-03-19 00:00:00+00:00,0.29929712519542484,-0.2727705888728953,0.6311093914100936
2021-03-20 00:00:00+00:00,0.3383495796026412,-0.2898366466858099,0.584286584353026
2021-03-21 00:00:00+00:00,0.29015123692378264,-0.2850717574203735,0.6208987201202483
2021-03-22 00:00:00+00:00,0.3724987547625018,-0.21668668210582764,0.7666228427634043
2021-03-23 00:00:00+00:00,0.32287767785084576,-0.21085650235025588,0.8200565920099756
2021-03-24 00:00:00+00:00,0.3369160113152423,-0.15892179608880075,0.9665452890304964
2021-03-25 00:00:00+00:00,0.3351608158824748,-0.1360909646354781,0.9562727811621072
2021-03-26 00:00:00+00:00,0.2562010322402921,-0.1910805499768381,0.8512632148995787
2021-03-27 00:00:00+00:00,0.2591385640298549,-0.1610505303568044,0.9243210734367608
2021-03-28 00:00:00+00:00,0.30411722188764756,-0.15517726371665486,0.9756373702586234
2021-03-29 00:00:00+00:00,0.4479010610678922,-0.176985977558611,0.8717648094939288
2021-03-30 00:00:00+00:00,0.33349847515816045,-0.19879594672505985,0.8396433500320573
2021-03-31 00:00:00+00:00,0.30413265899377806,-0.2252312925227974,0.7096807806728251
2021-04-01 00:00:00+00:00,0.3611739167677024,-0.21179933256630923,0.755651533243566
2021-04-02 00:00:00+00:00,0.21247668859229174,-0.22288393165666975,0.6139973473184952
2021-04-03 00:00:00+00:00,0.23613378770319482,-0.18657717862004353,0.7534851532471669
2021-04-04 00:00:00+00:00,-0.039106856820969704,-0.19967523458382275,0.6955807466432848
2021-04-05 00:00:00+00:00,-0.10446183599372094,-0.2305503518603672,0.6166946635158346
2021-04-06 00:00:00+00:00,-0.09147712417678977,-0.2555679616631158,0.5000923203658727
2021-04-07 00:00:00+00:00,0.08077321792335446,-0.22356548166377577,0.6436156396583599
2021-04-08 00:00:00+00:00,-0.09873735475380863,-0.2724894244795576,0.534463532103477
2021-04-09 00:00:00+00:00,-0.03407814515495611,-0.2646697237513187,0.576572304982897
2021-04-10 00:00:00+00:00,-0.04642634910520327,-0.2946383860698658,0.5013147471982529
2021-04-11 00:00:00+00:00,-0.11503542609727146,-0.34118584863979684,0.3850494570876095
2021-04-12 00:00:00+00:00,-0.07300285047824762,-0.3305222185098563,0.4163232274090256
2021-04-13 00:00:00+00:00,-0.06709013534197394,-0.3527677546205269,0.3562515494587224
2021-04-14 00:00:00+00:00,-0.06698315557287282,-0.3655864330626356,0.24228397599276508
2021-04-15 00:00:00+00:00,-0.12535728409085567,-0.3579494483690464,0.20943183083801364
2021-04-16 00:00:00+00:00,-0.2974471813156915,-0.3416672101319317,0.2627803208856345
2021-04-17 00:00:00+00:00,-0.27545666335844443,-0.3387713963750024,0.2892906454953401
2021-04-18 00:00:00+00:00,-0.25852785465115036,-0.27335489343635033,0.36674956611976883
2021-04-19 00:00:00+00:00,-0.19849320464090447,-0.2541643344236906,0.435260420522692
2021-04-20 00:00:00+00:00,-0.17044609444378633,-0.26702365972529907,0.3201718432809877
2021-04-21 00:00:00+00:00,-0.17263734571824063,-0.24741041759973426,0.2658057071097044
2021-04-22 00:00:00+00:00,-0.08325553886395531,-0.2317964301688341,0.23538954269080947
2021-04-23 00:00:00+00:00,-0.11049404901391024,-0.22852827395680486,0.23892979188051
2021-04-24 00:00:00+00:00,-0.10973478815332272,-0.2117515960728774,0.3197189780197438
2021-04-25 00:00:00+00:00,-0.07969323661578354,-0.1761006481576023,0.2956832393158342
2021-04-26 00:00:00+00:00,-0.21965346057142565,-0.2942283522701915,0.10940140567006251
2021-04-27 00:00:00+00:00,-0.24590295663622097,-0.28677849566194413,0.0835780700866049
2021-04-28 00:00:00+00:00,-0.2808196072298952,-0.2753909020530494,0.06865848688615261
2021-04-29 00:00:00+00:00,-0.3151502980432076,-0.2793182709364205,0.021795113600092897
2021-04-30 00:00:00+00:00,-0.42607433308662357,-0.3477549850271092,-0.016505435684348035
2021-05-01 00:00:00+00:00,-0.48425934140240856,-0.3344618728219214,-0.04073662798792432
2021-05-02 00:00:00+00:00,-0.4886506283263954,-0.31908132123656785,-0.03153690719971791
2021-05-03 00:00:00+00:00,-0.5397201635227777,-0.34004980637365556,-0.18925457004290247
2021-05-04 00:00:00+00:00,-0.5362331138190684,-0.2539475086564834,-0.09211765323354981
2021-05-05 00:00:00+00:00,-0.6644987794075383,-0.3635890383244965,-0.22027035462763822
2021-05-06 00:00:00+00:00,-0.6697571016150128,-0.36138641776879965,-0.22835004427276617
2021-05-07 00:00:00+00:00,-0.6740320840278826,-0.38109491884724267,-0.2426161004503482
2021-05-08 00:00:00+00:00,-0.66757704847646,-0.4217258828056447,-0.3556157391068625
2021-05-09 00:00:00+00:00,-0.7065400883892458,-0.48358729029320313,-0.43206462875418894
2021-05-10 00:00:00+00:00,-0.6706957989121112,-0.4442987279306667,-0.40645686133384695
2021-05-11 00:00:00+00:00,-0.7080195937165914,-0.4864314499977237,-0.5004157232026262
2021-05-12 00:00:00+00:00,-0.6754899262119489,-0.41509212328021905,-0.4872842454377343
2021-05-13 00:00:00+00:00,-0.6820589787689526,-0.4103789396502625,-0.4594570605528374
2021-05-14 00:00:00+00:00,-0.7308328794545506,-0.3963510291133183,-0.4953435697090314
2021-05-15 00:00:00+00:00,-0.7162098006200862,-0.33004946860754625,-0.4117142167670319
2021-05-16 00:00:00+00:00,-0.724495110179456,-0.35660036828446207,-0.435063231065576
2021-05-17 00:00:00+00:00,-0.7020790297247592,-0.3007280529853893,-0.36307277053230613
2021-05-18 00:00:00+00:00,-0.7329761483974947,-0.32986073674123884,-0.4325717688818307
2021-05-19 00:00:00+00:00,-0.6118857072955322,-0.17363980300947746,-0.17194905941974326
2021-05-20 00:00:00+00:00,-0.6689522151480483,-0.27946136171170377,-0.29239837897580745
2021-05-21 00:00:00+00:00,-0.6111478811899376,-0.20957124192761678,-0.18754164986959998
2021-05-22 00:00:00+00:00,-0.5516363110480036,-0.19107721203864503,-0.10967070030110626
2021-05-23 00:00:00+00:00,-0.5137184999762758,-0.16003635812755634,-0.05870567976378438
2021-05-24 00:00:00+00:00,-0.5581075964568063,-0.23563361342025224,-0.2526100368897799
2021-05-25 00:00:00+00:00,-0.5597290588810193,-0.22916201344719545,-0.28186654147151136
2021-05-26 00:00:00+00:00,-0.5903997052738201,-0.2558631830102053,-0.3787635098130291
2021-05-27 00:00:00+00:00,-0.5652398712928044,-0.25694744715673357,-0.3701221268821361
2021-05-28 00:00:00+00:00,-0.5384660862474888,-0.18596497426359548,-0.2569876870776502
2021-05-29 00:00:00+00:00,-0.5206587641141414,-0.1484475576612152,-0.2041040223983428
2021-05-30 00:00:00+00:00,-0.5269986961606086,-0.10962151460932779,-0.16228132675043383
2021-05-31 00:00:00+00:00,-0.5396353318088105,-0.14636811644231817,-0.28241228313286404
2021-06-01 00:00:00+00:00,-0.5358439847174493,-0.1876991008388772,-0.3099632957180869
2021-06-02 00:00:00+00:00,-0.5349423625597303,-0.18941469330303862,-0.32227239470553015
2021-06-03 00:00:00+00:00,-0.5437143361461123,-0.2432448615542826,-0.37873129757634094
2021-06-04 00:00:00+00:00,-0.5075886360463417,-0.1891161856145972,-0.32903019509129927
2021-06-05 00:00:00+00:00,-0.4945935870296755,-0.15751861279749502,-0.31262724861382263
2021-06-06 00:00:00+00:00,-0.5050294562395339,-0.12356608823646908,-0.3141980589397918
2021-06-07 00:00:00+00:00,-0.46903704505500843,-0.07234748585736084,-0.3004263035049479
2021-06-08 00:00:00+00:00,-0.4709027292992718,-0.09514568400227552,-0.2853148693977018
2021-06-09 00:00:00+00:00,-0.4980893189108718,-0.19466433793685423,-0.31467944739443254
2021-06-10 00:00:00+00:00,-0.469447313816991,-0.20678094390512303,-0.32705405306969804
2021-06-11 00:00:00+00:00,-0.43803365431400465,-0.23859650626620932,-0.3488175496280814
2021-06-12 00:00:00+00:00,-0.43245799368208515,-0.25239273720809396,-0.3947712528577575
2021-06-13 00:00:00+00:00,-0.4712795947836119,-0.4237037029443701,-0.5178713042923808
2021-06-14 00:00:00+00:00,-0.47587966729233877,-0.4536417327450267,-0.5315739101120983
2021-06-15 00:00:00+00:00,-0.4701073468384406,-0.43743280447109956,-0.5134654851113016
2021-06-16 00:00:00+00:00,-0.4593088512935585,-0.4680094740385736,-0.5487543762590323
2021-06-17 00:00:00+00:00,-0.44772544252920055,-0.462661745723686,-0.542009370997101
2021-06-18 00:00:00+00:00,-0.4521423700549383,-0.470383173124168,-0.5545703172208819
2021-06-19 00:00:00+00:00,-0.4523876993711412,-0.4201848058771741,-0.4786595647373503
2021-06-20 00:00:00+00:00,-0.45762187120843967,-0.4220843389467913,-0.4971004738195741
2021-06-21 00:00:00+00:00,-0.43291396421507955,-0.3443776806111437,-0.40288731311224146
2021-06-22 00:00:00+00:00,-0.4415573631842643,-0.38516577892779846,-0.44117427951130217
2021-06-23 00:00:00+00:00,-0.45045011412581093,-0.3731787480695895,-0.41837470911622143
2021-06-24 00:00:00+00:00,-0.4665653316935494,-0.387311113925504,-0.38426354095460213
2021-06-25 00:00:00+00:00,-0.455091307075868,-0.3195642159353733,-0.31316548910339337
2021-06-26 00:00:00+00:00,-0.4419216178863197,-0.3483366967489736,-0.34534116000961945
2021-06-27 00:00:00+00:00,-0.4547810781035957,-0.40223755732652755,-0.39841495651472036
2021-06-28 00:00:00+00:00,-0.44178280944262627,-0.41204943688760853,-0.4511396510283485
2021-06-29 00:00:00+00:00,-0.45876122030728805,-0.43965356166355685,-0.491897308955217
2021-06-30 00:00:00+00:00,-0.46433971644303285,-0.43095420174061927,-0.5293670463334036
2021-07-01 00:00:00+00:00,-0.4571451966251847,-0.42456414310951696,-0.4969023124652845
2021-07-02 00:00:00+00:00,-0.44979438001532535,-0.4301634822140763,-0.5046677777107231
2021-07-03 00:00:00+00:00,-0.45679388703253543,-0.44285218579179797,-0.5176179506868015
2021-07-04 00:00:00+00:00,-0.452470662110141,-0.4265029327071451,-0.5044538875183515
2021-07-05 00:00:00+00:00,-0.45630643933244575,-0.4011354657475451,-0.48441405307462226
2021-07-06 00:00:00+00:00,-0.45630643933244575,-0.3990501463909567,-0.4890979547900969
2021-07-07 00:00:00+00:00,-0.4617147384948701,-0.36138139017876025,-0.4658093647073044
2021-07-08 00:00:00+00:00,-0.41411504157395185,-0.34313966147042907,-0.4263465527587853
2021-07-09 00:00:00+00:00,-0.4336644279715842,-0.3614871268794093,-0.43315059688214663
2021-07-10 00:00:00+00:00,-0.42596800367939014,-0.377293049819314,-0.44645589830813626
2021-07-11 00:00:00+00:00,-0.4324874342451359,-0.41727383089810877,-0.4877712630521619
2021-07-12 00:00:00+00:00,-0.42000176172775494,-0.41581388010806775,-0.4887821301646994
2021-07-13 00:00:00+00:00,-0.40738935773941454,-0.3817594807418445,-0.4253021673581939
2021-07-14 00:00:00+00:00,-0.4041770842888599,-0.37267436156346023,-0.4016685216937901
2021-07-15 00:00:00+00:00,-0.40181398712857175,-0.34661104140526977,-0.35856025756573295
2021-07-16 00:00:00+00:00,-0.38122219015527836,-0.3246339600565513,-0.27736561030987184
2021-07-17 00:00:00+00:00,-0.39431505736938766,-0.3401613638548392,-0.29529530056485864
2021-07-18 00:00:00+00:00,-0.3821454932251548,-0.2940970264228461,-0.16419614725846365
2021-07-19 00:00:00+00:00,-0.35598289860846155,-0.2413461242264423,-0.15197967812704472
2021-07-20 00:00:00+00:00,-0.39304956538224767,-0.22044219017232092,-0.14806582196267704
2021-07-21 00:00:00+00:00,-0.4191766119994882,-0.2797466814706462,-0.21049862189927337
2021-07-22 00:00:00+00:00,-0.47250498230205207,-0.2974185629693913,-0.24167720393566994
2021-07-23 00:00:00+00:00,-0.5859218028233242,-0.33249063673195844,-0.27095680828527713
2021-07-24 00:00:00+00:00,-0.5856237952424779,-0.34089591554007304,-0.26870351298775597
2021-07-25 00:00:00+00:00,-0.6574382236441033,-0.39767423324709117,-0.34204193096141644
2021-07-26 00:00:00+00:00,-0.6109701953560636,-0.4292148258749221,-0.34961042691465305
2021-07-27 00:00:00+00:00,-0.6342216649232769,-0.41830489076070254,-0.2886509617349934
2021-07-28 00:00:00+00:00,-0.5970473296615323,-0.4042180873552832,-0.25050197748707026
2021-07-29 00:00:00+00:00,-0.5987251932569694,-0.40590101878026263,-0.2774914810400685
2021-07-30 00:00:00+00:00,-0.6022333626236595,-0.4398118103973405,-0.31066979173859877
2021-07-31 00:00:00+00:00,-0.605481790852152,-0.4381984586787414,-0.33698662610379104
2021-08-01 00:00:00+00:00,-0.5871344112038399,-0.4160433414714457,-0.36209790702315225
2021-08-02 00:00:00+00:00,-0.6006773729082285,-0.4127951441485119,-0.3743944026115008
2021-08-03 00:00:00+00:00,-0.6057174852277416,-0.40277069284333655,-0.3550680738449765
2021-08-04 00:00:00+00:00,-0.6526425620516714,-0.4304841656685089,-0.40987529268418
2021-08-05 00:00:00+00:00,-0.6321829643265314,-0.42949053972766205,-0.3856327754961991
2021-08-06 00:00:00+00:00,-0.6386057817785358,-0.46414829094656085,-0.4153369438161836
2021-08-07 00:00:00+00:00,-0.6313647962469738,-0.4800747276237791,-0.462017966591885
2021-08-08 00:00:00+00:00,-0.6145500820972956,-0.4563228104434429,-0.4099805767219483
2021-08-09 00:00:00+00:00,-0.6441156375191164,-0.49949733425002274,-0.461240555351651
2021-08-10 00:00:00+00:00,-0.6852776595046706,-0.474518915107802,-0.41000299204878954
2021-08-11 00:00:00+00:00,-0.6688148373202187,-0.4740965920326954,-0.4050972947318462
2021-08-12 00:00:00+00:00,-0.6521534152034355,-0.45035518817991393,-0.3570893905369735
2021-08-13 00:00:00+00:00,-0.6810482758880655,-0.48867405857740587,-0.4029623877290568
2021-08-14 00:00:00+00:00,-0.7004876034939502,-0.4836199403805219,-0.40692151166354085
2021-08-15 00:00:00+00:00,-0.7137688219304679,-0.48705853601005833,-0.4257610164827689
2021-08-16 00:00:00+00:00,-0.7287760121985848,-0.4803034947383832,-0.4035747315296533
2021-08-17 00:00:00+00:00,-0.742445456806835,-0.4777455228046389,-0.39096263928917696
2021-08-18 00:00:00+00:00,-0.7706884605795021,-0.4812426001486625,-0.38750725647277373
2021-08-19 00:00:00+00:00,-0.8147235811748366,-0.5544458135927197,-0.4946767081642651
2021-08-20 00:00:00+00:00,-0.8236661973038065,-0.5713906866383618,-0.5202050645088621
2021-08-21 00:00:00+00:00,-0.8068425917814525,-0.5593038529658942,-0.4980098838814554
2021-08-22 00:00:00+00:00,-0.79226457088559,-0.5653905565522768,-0.4982520074119827
2021-08-23 00:00:00+00:00,-0.7944528759332324,-0.5649702912878356,-0.498563806725118
2021-08-24 00:00:00+00:00,-0.779136501311033,-0.5517876511751372,-0.4775280544499183
2021-08-25 00:00:00+00:00,-0.789873115407159,-0.5597798964824112,-0.4746890950053767
2021-08-26 00:00:00+00:00,-0.8025432539764003,-0.5679039754828114,-0.5124207939997414
2021-08-27 00:00:00+00:00,-0.8263863562028164,-0.5916519088076397,-0.5444989231544701
2021-08-28 00:00:00+00:00,-0.8392660656770445,-0.6000517431616708,-0.560250024657264
2021-08-29 00:00:00+00:00,-0.8192105064278434,-0.5840345982177185,-0.5185933171396042
2021-08-30 00:00:00+00:00,-0.831463165496526,-0.5783219898469465,-0.5279380983639044
2021-08-31 00:00:00+00:00,-0.8139638625978796,-0.5743175978203384,-0.5468039192814651
2021-09-01 00:00:00+00:00,-0.815698408763346,-0.5875589934301049,-0.5855148661290576
2021-09-02 00:00:00+00:00,-0.8216355925148062,-0.594858451256776,-0.5838814312355052
2021-09-03 00:00:00+00:00,-0.8299786613925884,-0.6033551777090566,-0.6045158718268409
2021-09-04 00:00:00+00:00,-0.8267903981092719,-0.5993179692777655,-0.5935473244250448
2021-09-05 00:00:00+00:00,-0.8366397243491527,-0.6175032188957295,-0.5904604472076733
2021-09-06 00:00:00+00:00,-0.8472969497144655,-0.6431975224014932,-0.6029790387519514
2021-09-07 00:00:00+00:00,-0.8348645904143603,-0.5883204345876865,-0.5254136616810838
2021-09-08 00:00:00+00:00,-0.8425055873910801,-0.5804456233030051,-0.5326178908259502
2021-09-09 00:00:00+00:00,-0.8398962287407039,-0.5396045792727427,-0.49831675391905816
2021-09-10 00:00:00+00:00,-0.8399371932573735,-0.5173266272635271,-0.44711829123115376
2021-09-11 00:00:00+00:00,-0.8398710119169915,-0.5168233987526811,-0.45944399043832507
2021-09-12 00:00:00+00:00,-0.8427112673526135,-0.5134030805705738,-0.4958096004653062
2021-09-13 00:00:00+00:00,-0.847438963794882,-0.5511072027534933,-0.5207816518787952
2021-09-14 00:00:00+00:00,-0.8362339421974865,-0.570663183866706,-0.522943072528586
2021-09-15 00:00:00+00:00,-0.8460020486587309,-0.5905797440266194,-0.5924368003763612
2021-09-16 00:00:00+00:00,-0.8500692592686407,-0.5851653887839872,-0.5981199446185237
2021-09-17 00:00:00+00:00,-0.8400855310956623,-0.5747647250590804,-0.5679670334518694
2021-09-18 00:00:00+00:00,-0.863037219579558,-0.5979482630308406,-0.6115687324632383
2021-09-19 00:00:00+00:00,-0.8560474636720522,-0.5864458873771611,-0.5866214827766462
2021-09-20 00:00:00+00:00,-0.8244127675673445,-0.5612059061336324,-0.5556581846517628
2021-09-21 00:00:00+00:00,-0.8124112193095822,-0.5467867683269022,-0.5495932607831087
2021-09-22 00:00:00+00:00,-0.831107455197249,-0.5544322117527692,-0.568900068900069
2021-09-23 00:00:00+00:00,-0.8373075133206935,-0.570047961384822,-0.57898493259318
2021-09-24 00:00:00+00:00,-0.8367985180283709,-0.5580413902454464,-0.5502419302516962
2021-09-25 00:00:00+00:00,-0.8307933774838387,-0.5592430767384786,-0.5568960855383625
2021-09-26 00:00:00+00:00,-0.8293016067213461,-0.5545083628932668,-0.563253218799949
2021-09-27 00:00:00+00:00,-0.8272343485082996,-0.5473231413125617,-0.5460676308026757
2021-09-28 00:00:00+00:00,-0.8199022697860859,-0.5268228809936202,-0.5232645610732608
2021-09-29 00:00:00+00:00,-0.8270966580785268,-0.5281914581059564,-0.5314073216509674
2021-09-30 00:00:00+00:00,-0.8399801031981655,-0.5568052738105289,-0.5571833727142148
2021-10-01 00:00:00+00:00,-0.8484447195504525,-0.5988719529737372,-0.6036780456266182
2021-10-02 00:00:00+00:00,-0.8607283999245713,-0.5999403798475488,-0.6231374123314521
2021-10-03 00:00:00+00:00,-0.8691280925041123,-0.5927577608386387,-0.6128746273111101
2021-10-04 00:00:00+00:00,-0.8622548134140126,-0.5868391104184181,-0.59794289359214
2021-10-05 00:00:00+00:00,-0.8526832854895963,-0.6083644716281613,-0.6153353796436689
2021-10-06 00:00:00+00:00,-0.8498126581378923,-0.6391454397541354,-0.6217897613632868
2021-10-07 00:00:00+00:00,-0.8575051068713375,-0.6368874200012569,-0.6289585696883877
2021-10-08 00:00:00+00:00,-0.8735754016940915,-0.6400844240829205,-0.6308077448759939
2021-10-09 00:00:00+00:00,-0.8661822277832274,-0.6462398716499375,-0.629875070632927
2021-10-10 00:00:00+00:00,-0.8671894001903445,-0.6499776797965569,-0.6221596733660982
2021-10-11 00:00:00+00:00,-0.8771632130167688,-0.6683564941488237,-0.6386034352308787
2021-10-12 00:00:00+00:00,-0.8738945949724116,-0.6579182108733461,-0.6292553831348491
2021-10-13 00:00:00+00:00,-0.8694007438109463,-0.6622600101103422,-0.6432131551080829
2021-10-14 00:00:00+00:00,-0.8697853689812751,-0.6656038560408621,-0.6580502371518564
2021-10-15 00:00:00+00:00,-0.8652211436071173,-0.6907954965931287,-0.6704773080312949
2021-10-16 00:00:00+00:00,-0.8635940020222532,-0.6835679731623047,-0.6590173265517133
2021-10-17 00:00:00+00:00,-0.8681387722211151,-0.6822624634863322,-0.6538986443453735
2021-10-18 00:00:00+00:00,-0.8651384796443116,-0.6883165639517856,-0.6500069426642741
2021-10-19 00:00:00+00:00,-0.871515049206255,-0.7024923075534932,-0.6685375145407697
2021-10-20 00:00:00+00:00,-0.8836361701879881,-0.7114922241812713,-0.6917751102459657
2021-10-21 00:00:00+00:00,-0.8797935629456655,-0.6918572222182025,-0.6793108297824568
2021-10-22 00:00:00+00:00,-0.8913076116513351,-0.683557204347071,-0.6692991289461759
2021-10-23 00:00:00+00:00,-0.8928533597901632,-0.6806748603898884,-0.672627618115149
2021-10-24 00:00:00+00:00,-0.8974860671875708,-0.682349797591608,-0.6708717815561211
2021-10-25 00:00:00+00:00,-0.9045292935068793,-0.6816667982481589,-0.654120373332196
2021-10-26 00:00:00+00:00,-0.9042674819199306,-0.6556936893003524,-0.6209385407791805
2021-10-27 00:00:00+00:00,-0.9126226184940492,-0.6525609517261781,-0.6139597144314126
2021-10-28 00:00:00+00:00,-0.9112662040895294,-0.6600654154647996,-0.6373302037787971
2021-10-29 00:00:00+00:00,-0.9001463437147357,-0.6657280345219586,-0.6334939317339876
2021-10-30 00:00:00+00:00,-0.897511505831945,-0.6665413821293167,-0.632070844938788
2021-10-31 00:00:00+00:00,-0.8999739702619155,-0.665729088838789,-0.6331670247083767
2021-11-01 00:00:00+00:00,-0.8984101134851389,-0.6637129088601406,-0.6345628937151431
2021-11-02 00:00:00+00:00,-0.9044670324999969,-0.681242594312337,-0.6691990439858035
2021-11-03 00:00:00+00:00,-0.9037155712401845,-0.6787130217780073,-0.6674139485374782
2021-11-04 00:00:00+00:00,-0.8932060294687039,-0.6555335686076116,-0.6370997634765418
2021-11-05 00:00:00+00:00,-0.8957084539193428,-0.6504696972879584,-0.6363672936632814
2021-11-06 00:00:00+00:00,-0.8995318025306943,-0.6599093452952557,-0.6528795927401505
2021-11-07 00:00:00+00:00,-0.8974963559039143,-0.6745699113958921,-0.6600391537075699
2021-11-08 00:00:00+00:00,-0.9174946515928806,-0.7253313287670806,-0.7223844525143615
2021-11-09 00:00:00+00:00,-0.9281544786491179,-0.7621603204652709,-0.766979479453039
2021-11-10 00:00:00+00:00,-0.9252980790330968,-0.728722398344205,-0.7193040066713043
2021-11-11 00:00:00+00:00,-0.9296198305062189,-0.7364646080094162,-0.7267895740623014
2021-11-12 00:00:00+00:00,-0.9327108109546842,-0.7378119881357839,-0.7305196057837813
2021-11-13 00:00:00+00:00,-0.9346824377228413,-0.746352127990059,-0.7369904484656394
2021-11-14 00:00:00+00:00,-0.9352684274045928,-0.7463417537786692,-0.7312698584242948
2021-11-15 00:00:00+00:00,-0.9338709073162642,-0.7342959252431425,-0.725396491504849
2021-11-16 00:00:00+00:00,-0.9324501310148877,-0.7225595486561769,-0.7111070464824598
2021-11-17 00:00:00+00:00,-0.9353636723169367,-0.7233806287096152,-0.7200359158542842
2021-11-18 00:00:00+00:00,-0.9349340365544226,-0.7064514949653393,-0.6966198804073157
2021-11-19 00:00:00+00:00,-0.9412083081099708,-0.712316355062268,-0.7164754258678017
2021-11-20 00:00:00+00:00,-0.9457139777812016,-0.7273336302250756,-0.7411228488476191
2021-11-21 00:00:00+00:00,-0.9419369387004972,-0.7307958681737681,-0.7399578706106413
2021-11-22 00:00:00+00:00,-0.9480179821810945,-0.711506603531057,-0.7210943790580939
2021-11-23 00:00:00+00:00,-0.9491818598188391,-0.7114573592136566,-0.7270339029920911
2021-11-24 00:00:00+00:00,-0.9560696348251437,-0.7094951564003753,-0.7180537598141172
2021-11-25 00:00:00+00:00,-0.9541070832908769,-0.7197754559164835,-0.7349525398632
2021-11-26 00:00:00+00:00,-0.9482077501309844,-0.693660282917955,-0.7016727704642185
2021-11-27 00:00:00+00:00,-0.9467917579539892,-0.6997720985880566,-0.7084748577023849
2021-11-28 00:00:00+00:00,-0.950976699232518,-0.7169280843539088,-0.7280955019814752
2021-11-29 00:00:00+00:00,-0.9472092161567093,-0.7154102247895978,-0.7262950188208877
2021-11-30 00:00:00+00:00,-0.9451071324036296,-0.6986221031013566,-0.7204347056104841
2021-12-01 00:00:00+00:00,-0.9464082973054775,-0.7031101493825116,-0.721487251661048
2021-12-02 00:00:00+00:00,-0.945642895097093,-0.697368323207686,-0.7128065419255588
2021-12-03 00:00:00+00:00,-0.9428646869629721,-0.6849837829669381,-0.7057425404378364
2021-12-04 00:00:00+00:00,-0.9441352355368303,-0.6519869703394356,-0.6892561782743336
2021-12-05 00:00:00+00:00,-0.9384362888073107,-0.6565261022428185,-0.6998860939272336
2021-12-06 00:00:00+00:00,-0.9443518807844015,-0.6612151163159531,-0.7075805216223241
2021-12-07 00:00:00+00:00,-0.9470844538076346,-0.6671873996198774,-0.7141045885194129
2021-12-08 00:00:00+00:00,-0.9463465479214856,-0.6587340223204565,-0.7114703701449883
2021-12-09 00:00:00+00:00,-0.9448660135611635,-0.6397445062728215,-0.6923500355608383
2021-12-10 00:00:00+00:00,-0.9415421094511683,-0.6366717479265193,-0.6751232702401782
2021-12-11 00:00:00+00:00,-0.9448184428456706,-0.6540786908440355,-0.6911480252459425
2021-12-12 00:00:00+00:00,-0.9479915979356051,-0.6561740443801581,-0.6911864406779661
2021-12-13 00:00:00+00:00,-0.9395719950932588,-0.6194078507154289,-0.6507894117553735
2021-12-14 00:00:00+00:00,-0.941537419551835,-0.6317347519655265,-0.6611963233903171
2021-12-15 00:00:00+00:00,-0.9467315306458305,-0.6448102506130158,-0.6848681787871851
2021-12-16 00:00:00+00:00,-0.9499345290151511,-0.6508232425085625,-0.70520526210742
2021-12-17 00:00:00+00:00,-0.9499853985163225,-0.6363302927302996,-0.6936693313240887
2021-12-18 00:00:00+00:00,-0.9512208883021671,-0.6426092485707111,-0.7012421936751407
2021-12-19 00:00:00+00:00,-0.9503965320351773,-0.6478481822351296,-0.7024010356409303
2021-12-20 00:00:00+00:00,-0.9507382554736694,-0.6398622505443985,-0.6915023334930401
2021-12-21 00:00:00+00:00,-0.9526139817954851,-0.655865999262015,-0.6976246527907528
2021-12-22 00:00:00+00:00,-0.9519703549845193,-0.6537956983759006,-0.6940050408216087
2021-12-23 00:00:00+00:00,-0.9593684324014947,-0.6699667045707797,-0.7032672489486576
2021-12-24 00:00:00+00:00,-0.9575377956118507,-0.6687107438016529,-0.6983931236963592
2021-12-25 00:00:00+00:00,-0.9606073454598173,-0.6660273105016978,-0.7024272069902779
2021-12-26 00:00:00+00:00,-0.9611926148822139,-0.6667803698201633,-0.697774857514101
2021-12-27 00:00:00+00:00,-0.9607344367353566,-0.670495354767044,-0.699905628364002
2021-12-28 00:00:00+00:00,-0.9589205787690451,-0.6519560724503373,-0.686203941730934
2021-12-29 00:00:00+00:00,-0.9586704923732015,-0.6420189021075372,-0.6693038105443516
2021-12-30 00:00:00+00:00,-0.9596876750749885,-0.647555743346844,-0.6764889048249386
2021-12-31 00:00:00+00:00,-0.9593455977156685,-0.6420705572611595,-0.6746313478754049
2022-01-01 00:00:00+00:00,-0.9610442209790224,-0.6518057987140278,-0.6812303149083532
2022-01-02 00:00:00+00:00,-0.9588906200790179,-0.6474050134732812,-0.6828854809091313
2022-01-03 00:00:00+00:00,-0.9583505227321508,-0.6409778216039668,-0.6774865967938521
2022-01-04 00:00:00+00:00,-0.9566125632286677,-0.6323451666204472,-0.6679356742604574
2022-01-05 00:00:00+00:00,-0.9548912952672979,-0.6126257245783941,-0.6466052651646741
2022-01-06 00:00:00+00:00,-0.9551999396292891,-0.6065519699384736,-0.6274696857177242
2022-01-07 00:00:00+00:00,-0.9530464011660675,-0.5923741918969323,-0.6048842850176916
2022-01-08 00:00:00+00:00,-0.9422547174193916,-0.5890610162155521,-0.5812460442396014
2022-01-09 00:00:00+00:00,-0.9384864282014101,-0.5896711829702503,-0.5810905560649371
2022-01-10 00:00:00+00:00,-0.9427846173583145,-0.5829837008748164,-0.5667341404232681
2022-01-11 00:00:00+00:00,-0.9512888122404164,-0.5800711877028615,-0.5711388638524316
2022-01-12 00:00:00+00:00,-0.9554775169809746,-0.5707180384969841,-0.5800027289500068
2022-01-13 00:00:00+00:00,-0.9510013658555496,-0.5317209001574479,-0.5521830766429777
2022-01-14 00:00:00+00:00,-0.9502852650999136,-0.5133548660983429,-0.531387002557885
2022-01-15 00:00:00+00:00,-0.9501971642287788,-0.5155658825989705,-0.5332226912484517
2022-01-16 00:00:00+00:00,-0.9500900080353156,-0.5081301719042173,-0.5288328234056794
2022-01-17 00:00:00+00:00,-0.9464235322059696,-0.49919434372424565,-0.5122333448609981
2022-01-18 00:00:00+00:00,-0.948078841996217,-0.5117724921444311,-0.5216766618668607
2022-01-19 00:00:00+00:00,-0.9438969384417893,-0.4942010335571211,-0.4970557908184772
2022-01-20 00:00:00+00:00,-0.9284407071430255,-0.4428047455182297,-0.44743259991737405
2022-01-21 00:00:00+00:00,-0.9152263140145969,-0.37485646301266196,-0.36660241808305594
2022-01-22 00:00:00+00:00,-0.9029037639940735,-0.3525246482748631,-0.32532398079745284
2022-01-23 00:00:00+00:00,-0.9121419722266779,-0.36772700999184704,-0.3594786944517746
2022-01-24 00:00:00+00:00,-0.9148263997766837,-0.3826330081409479,-0.3621217649397981
2022-01-25 00:00:00+00:00,-0.8972823946531633,-0.37602845583890177,-0.3444280409788395
2022-01-26 00:00:00+00:00,-0.889911287172822,-0.3748964257441181,-0.34994051944993687
2022-01-27 00:00:00+00:00,-0.887826859671228,-0.379060874432523,-0.3409838094255956
2022-01-28 00:00:00+00:00,-0.8895842760847594,-0.38958908235533674,-0.3822765511848769
2022-01-29 00:00:00+00:00,-0.8861857856199161,-0.3779338294708181,-0.3677631149021884
2022-01-30 00:00:00+00:00,-0.8911834959682172,-0.3974369195095476,-0.39800436640939696
2022-01-31 00:00:00+00:00,-0.8894360423049222,-0.3988304230390284,-0.40998682516170815
2022-02-01 00:00:00+00:00,-0.8832204392908578,-0.3866672317758115,-0.41099945106790614
2022-02-02 00:00:00+00:00,-0.8786360115978693,-0.36338056111768213,-0.38704876019801027
2022-02-03 00:00:00+00:00,-0.8750067297771039,-0.3719944006704615,-0.3828437446669586
2022-02-04 00:00:00+00:00,-0.8799936390220986,-0.43891134536401744,-0.4436108300862439
2022-02-05 00:00:00+00:00,-0.8728367040025682,-0.4458319307708869,-0.4592733971752444
2022-02-06 00:00:00+00:00,-0.8812678099735546,-0.46290578744608124,-0.471589105037987
2022-02-07 00:00:00+00:00,-0.8771526786498647,-0.46987989732661894,-0.46778585692582575
2022-02-08 00:00:00+00:00,-0.8792846387277768,-0.4786230453472845,-0.47045423189345104
2022-02-09 00:00:00+00:00,-0.894893198017122,-0.5087894093488072,-0.5236194257600326
2022-02-10 00:00:00+00:00,-0.8874457071785691,-0.5028170769165687,-0.5075459968950264
2022-02-11 00:00:00+00:00,-0.8843447031685926,-0.4840541533634165,-0.4744700328603537
2022-02-12 00:00:00+00:00,-0.8847268593724879,-0.4840208660455869,-0.48102354327687336
2022-02-13 00:00:00+00:00,-0.8874785282143638,-0.4822336510068327,-0.4757325512951347
2022-02-14 00:00:00+00:00,-0.8819520659755786,-0.47809217334799703,-0.46899564809284067
2022-02-15 00:00:00+00:00,-0.872598287146344,-0.4539426097646283,-0.47387797155350053
2022-02-16 00:00:00+00:00,-0.8807907761833326,-0.46396599683271655,-0.4754379784133492
2022-02-17 00:00:00+00:00,-0.8663809617070914,-0.3935691596097315,-0.4142648182663813
2022-02-18 00:00:00+00:00,-0.8663103441373666,-0.38380750299441346,-0.39138975635730433
2022-02-19 00:00:00+00:00,-0.8685069341368312,-0.39440462464666814,-0.39219432413166744
2022-02-20 00:00:00+00:00,-0.8682878530966855,-0.35284676617459765,-0.35039035236595095
2022-02-21 00:00:00+00:00,-0.8780547066083709,-0.3392765271226671,-0.35368104609777185
2022-02-22 00:00:00+00:00,-0.8818941809617283,-0.367460076855209,-0.37672259121720286
2022-02-23 00:00:00+00:00,-0.8826524500476319,-0.3573102396482578,-0.360187773044257
2022-02-24 00:00:00+00:00,-0.8885337287887211,-0.3950697167886731,-0.38071026885447956
2022-02-25 00:00:00+00:00,-0.8979795053366643,-0.4095471678773416,-0.42402537123124884
2022-02-26 00:00:00+00:00,-0.8965306966724481,-0.39783166891293553,-0.4094701507841423
2022-02-27 00:00:00+00:00,-0.8935796476878806,-0.3768522671779436,-0.37578101414328235
2022-02-28 00:00:00+00:00,-0.9067141844887643,-0.4638190454124189,-0.45044249302452966
2022-03-01 00:00:00+00:00,-0.9034268202385272,-0.4680699755972373,-0.4405123087829642
2022-03-02 00:00:00+00:00,-0.9080873584067484,-0.4653969723632344,-0.44089166355647547
2022-03-03 00:00:00+00:00,-0.9182514769413713,-0.4734456117209215,-0.44620482076506973
2022-03-04 00:00:00+00:00,-0.9140625512692228,-0.42918684828548415,-0.4024903703138706
2022-03-05 00:00:00+00:00,-0.9160032852026088,-0.4306750907915029,-0.4129486145245108
2022-03-06 00:00:00+00:00,-0.9105453279933539,-0.41672234395891183,-0.38625558051025166
2022-03-07 00:00:00+00:00,-0.9116942369174095,-0.4156586290407497,-0.37298885641799673
2022-03-08 00:00:00+00:00,-0.916747566128757,-0.4395794749530282,-0.405125059686254
2022-03-09 00:00:00+00:00,-0.9221336483165008,-0.5145114493424325,-0.4729260940674299
2022-03-10 00:00:00+00:00,-0.9207768136762089,-0.48884658312617324,-0.4527793762228104
2022-03-11 00:00:00+00:00,-0.9170586637803491,-0.47183172960608655,-0.42430559357962505
2022-03-12 00:00:00+00:00,-0.9155450492627765,-0.43317169732751726,-0.3847983494238556
2022-03-13 00:00:00+00:00,-0.9150669220003297,-0.36169460316687196,-0.33478425059129846
2022-03-14 00:00:00+00:00,-0.9112093755110166,-0.37813062669628006,-0.3437115018479112
2022-03-15 00:00:00+00:00,-0.9178240334818246,-0.38173482758418786,-0.3696981736084317
2022-03-16 00:00:00+00:00,-0.9162524302552768,-0.39196429440093405,-0.39659529672183746
2022-03-17 00:00:00+00:00,-0.8967508853395681,-0.3304854354695622,-0.36368388858858003
2022-03-18 00:00:00+00:00,-0.9037971543954381,-0.3556251318625081,-0.40153525784982247
2022-03-19 00:00:00+00:00,-0.8997544116742435,-0.3371535311969134,-0.39655149042306603
2022-03-20 00:00:00+00:00,-0.9025491531737669,-0.32826968858354555,-0.39442506762471263
2022-03-21 00:00:00+00:00,-0.9039844931596679,-0.31453834850526496,-0.3767434940121729
2022-03-22 00:00:00+00:00,-0.9081170097002766,-0.35674425510449514,-0.4159797147128945
2022-03-23 00:00:00+00:00,-0.9034661644500633,-0.34016817014576495,-0.40257246376811595
2022-03-24 00:00:00+00:00,-0.9092483463506343,-0.3759136432389377,-0.4375747405778653
2022-03-25 00:00:00+00:00,-0.9173266964643585,-0.3802529542014156,-0.43849084825314133
2022-03-26 00:00:00+00:00,-0.9172714171819358,-0.3716636258637419,-0.4359682034976152
2022-03-27 00:00:00+00:00,-0.9188967993612268,-0.42075149441271587,-0.47955031632606615
2022-03-28 00:00:00+00:00,-0.9210476800478866,-0.42148150521802774,-0.4680370365925375
2022-03-29 00:00:00+00:00,-0.9245538878377921,-0.40236703854554046,-0.4727055647535223
2022-03-30 00:00:00+00:00,-0.9280853271548938,-0.4045097315606636,-0.47025361880092975
2022-03-31 00:00:00+00:00,-0.9254144420631919,-0.37452983212166724,-0.4449140791891538
2022-04-01 00:00:00+00:00,-0.9307567942123414,-0.38525098258579893,-0.4730305828010454
2022-04-02 00:00:00+00:00,-0.9292168558314785,-0.38504136561087954,-0.4789111932562279
2022-04-03 00:00:00+00:00,-0.9251493820262543,-0.40095696048147544,-0.4859295098398312
2022-04-04 00:00:00+00:00,-0.9161230627028959,-0.3953378784388578,-0.46856939906236683
2022-04-05 00:00:00+00:00,-0.9120350914500546,-0.38084556201377884,-0.43977235037379026
2022-04-06 00:00:00+00:00,-0.9054107794796106,-0.35062509164250477,-0.4090566228290269
2022-04-07 00:00:00+00:00,-0.908995362108058,-0.3576510460892469,-0.42249449211233303
2022-04-08 00:00:00+00:00,-0.9033720560801318,-0.3387680254738177,-0.4208664981408913
2022-04-09 00:00:00+00:00,-0.9017625422409103,-0.33751742820608244,-0.4295289037829477
2022-04-10 00:00:00+00:00,-0.8921003184783898,-0.29700786430369897,-0.40362905240021973
2022-04-11 00:00:00+00:00,-0.8854087873859839,-0.2360213455703135,-0.3657634558719888
2022-04-12 00:00:00+00:00,-0.8866271778675641,-0.25419551470320356,-0.36670894354055605
2022-04-13 00:00:00+00:00,-0.892091668123114,-0.26183544729862773,-0.3547692958938903
2022-04-14 00:00:00+00:00,-0.885274009175516,-0.2372279769007254,-0.30509467302894133
2022-04-15 00:00:00+00:00,-0.8849842820288735,-0.2529304422234223,-0.3124292893414371
2022-04-16 00:00:00+00:00,-0.8798514529671781,-0.24948939676378956,-0.30746576014120874
2022-04-17 00:00:00+00:00,-0.8817925950156054,-0.25827458559024474,-0.30590416524433917
2022-04-18 00:00:00+00:00,-0.8858477820894602,-0.25541253391756547,-0.31158281951589883
2022-04-19 00:00:00+00:00,-0.9011284468766934,-0.3059799224836468,-0.3765720862604255
2022-04-20 00:00:00+00:00,-0.9073428495547158,-0.3170965653961162,-0.36835021651213895
2022-04-21 00:00:00+00:00,-0.9081938212658986,-0.32651103594094966,-0.3803484404641404
2022-04-22 00:00:00+00:00,-0.9066506917946302,-0.2994856604946262,-0.36734866104733
2022-04-23 00:00:00+00:00,-0.9069674115611295,-0.3004695549876273,-0.3651616246680055
2022-04-24 00:00:00+00:00,-0.9056675531002059,-0.30264032083037495,-0.3694488188976378
2022-04-25 00:00:00+00:00,-0.9058190235574931,-0.2999373176919454,-0.37933626464268844
2022-04-26 00:00:00+00:00,-0.9003521650927064,-0.25443940528931996,-0.3358615068673545
2022-04-27 00:00:00+00:00,-0.899992862701577,-0.24882810867240368,-0.33931933983163487
2022-04-28 00:00:00+00:00,-0.9017956860843217,-0.2624516035526081,-0.356150810540258
2022-04-29 00:00:00+00:00,-0.8964518718552749,-0.24265813316419715,-0.3227859559196772
2022-04-30 00:00:00+00:00,-0.8864817201540138,-0.22315736046004875,-0.31414624485634435
2022-05-01 00:00:00+00:00,-0.889525729298787,-0.27035446022509413,-0.35191039397339996
2022-05-02 00:00:00+00:00,-0.8873273817844024,-0.25581464165236434,-0.34533386544560907
2022-05-03 00:00:00+00:00,-0.8797531690892566,-0.23066610653092645,-0.3151238451306755
2022-05-04 00:00:00+00:00,-0.8920280529411763,-0.2734149659863946,-0.3616797703901191
2022-05-05 00:00:00+00:00,-0.8696477600023956,-0.19279856055472377,-0.2746281800747461
2022-05-06 00:00:00+00:00,-0.8791807656731693,-0.19896750604005065,-0.2957907050151327
2022-05-07 00:00:00+00:00,-0.8768710695384198,-0.1985287712499778,-0.29026235703931946
2022-05-08 00:00:00+00:00,-0.8837650668755223,-0.1871301236250823,-0.2667568886895715
2022-05-09 00:00:00+00:00,-0.8692858384918191,-0.08139429338239967,-0.17142536626954752
2022-05-10 00:00:00+00:00,-0.8769065172555389,-0.11020856237365839,-0.21400482483294558
2022-05-11 00:00:00+00:00,-0.8769576736959828,-0.0733687603808969,-0.13942033295123712
2022-05-12 00:00:00+00:00,-0.8731850606624472,-0.07698102808325946,-0.07793512973033634
2022-05-13 00:00:00+00:00,-0.8787470680102669,-0.08576384442953455,-0.10677268633470838
2022-05-14 00:00:00+00:00,-0.8781332908724997,-0.10533278115209566,-0.12510211623745426
2022-05-15 00:00:00+00:00,-0.8778106296560645,-0.13300024354517503,-0.1534011718695374
2022-05-16 00:00:00+00:00,-0.8747569904111985,-0.0950716023727648,-0.09855904648013991
2022-05-17 00:00:00+00:00,-0.8748886400587048,-0.0998300866515377,-0.12847248794673605
2022-05-18 00:00:00+00:00,-0.8780126690324099,-0.0659592161953968,-0.05981379659654018
2022-05-19 00:00:00+00:00,-0.8793161269449667,-0.11342537392935115,-0.10261196801267614
2022-05-20 00:00:00+00:00,-0.8782005563723354,-0.07186669228221898,-0.07128856401984596
2022-05-21 00:00:00+00:00,-0.8820488944261358,-0.09160382081068952,-0.0861539084690669
2022-05-22 00:00:00+00:00,-0.8851715189000864,-0.11370822019189308,-0.11053303902231326
2022-05-23 00:00:00+00:00,-0.8823112275848066,-0.06491223549983427,-0.06044128676545113
2022-05-24 00:00:00+00:00,-0.8883133178129501,-0.11214355421658317,-0.09069369155455409
2022-05-25 00:00:00+00:00,-0.8899319313287467,-0.10386380138209306,-0.0705383938269255
2022-05-26 00:00:00+00:00,-0.8885515743189529,-0.08545598063103244,0.019841203416972153
2022-05-27 00:00:00+00:00,-0.8859447609047312,-0.06201684957631559,0.059411672755272926
2022-05-28 00:00:00+00:00,-0.8834677883472069,-0.03328576403492367,0.06495854303601134
2022-05-29 00:00:00+00:00,-0.8879101497033772,-0.05876524105727876,0.04353675481352415
2022-05-30 00:00:00+00:00,-0.8880057627798663,-0.1273016951417114,-0.04912496622939999
2022-05-31 00:00:00+00:00,-0.8925055004219824,-0.144356599658376,-0.0351562902312168
2022-06-01 00:00:00+00:00,-0.8934909398283057,-0.10024548888589924,0.024109573970681142
2022-06-02 00:00:00+00:00,-0.8910305592550918,-0.10541063461863043,0.03958387856582046
2022-06-03 00:00:00+00:00,-0.8933297080348807,-0.08858489552767468,0.0658772364685205
2022-06-04 00:00:00+00:00,-0.8934167364928935,-0.09204481376263896,0.04734065544337196
2022-06-05 00:00:00+00:00,-0.9006206302161679,-0.14007756220836043,0.002364040017052149
2022-06-06 00:00:00+00:00,-0.898013147570984,-0.13205644325871513,0.01333448038540963
2022-06-07 00:00:00+00:00,-0.9021201079640453,-0.1537651167071964,0.010367666117033325
2022-06-08 00:00:00+00:00,-0.903283770842727,-0.12270114952042344,0.030002009063106794
2022-06-09 00:00:00+00:00,-0.9045146074367837,-0.12062864310876842,0.028823631352687062
2022-06-10 00:00:00+00:00,-0.9082838098366,-0.11173805199251485,0.053292120439470514
2022-06-11 00:00:00+00:00,-0.9069321563201648,-0.0879217722614487,0.14343494967023074
2022-06-12 00:00:00+00:00,-0.9067573924774519,-0.025187275184170743,0.2144699060522428
2022-06-13 00:00:00+00:00,-0.9046455933235308,0.15327865681285657,0.4383296688763618
2022-06-14 00:00:00+00:00,-0.9062588934944326,0.1351705177126734,0.36566299942096103
2022-06-15 00:00:00+00:00,-0.9063959608801437,0.13349306491578883,0.34701661387290716
2022-06-16 00:00:00+00:00,-0.9063959608801437,0.291338644430186,0.6077866167524568
2022-06-17 00:00:00+00:00,-0.908340489306827,0.29548273690556504,0.5895633613630926
2022-06-18 00:00:00+00:00,-0.9047461597495676,0.38844876781620585,0.7293720418437792
2022-06-19 00:00:00+00:00,-0.9042767913129612,0.30477058423252634,0.5392678971759721
2022-06-20 00:00:00+00:00,-0.9022749980634666,0.3759182147858282,0.5883056796426291
2022-06-21 00:00:00+00:00,-0.8960202487069104,0.44733568428529513,0.6779411111604565
2022-06-22 00:00:00+00:00,-0.89600865859613,0.49514383387224004,0.7825441110656166
2022-06-23 00:00:00+00:00,-0.8943371437678554,0.4537333498183098,0.6533562792647984
2022-06-24 00:00:00+00:00,-0.8956854932228536,0.4374176287534097,0.530554603190152
2022-06-25 00:00:00+00:00,-0.8958577311107722,0.4174487313173445,0.5283814675295406
2022-06-26 00:00:00+00:00,-0.9026384244808598,0.43872465487566115,0.5519999332103291
2022-06-27 00:00:00+00:00,-0.9000922576969254,0.47968428197869484,0.5845401715708882
2022-06-28 00:00:00+00:00,-0.9076982034334533,0.4830126683263243,0.5978497443293562
2022-06-29 00:00:00+00:00,-0.9095640276149068,0.5130594279881591,0.683305914325447
2022-06-30 00:00:00+00:00,-0.9081175879873147,0.5280151999201694,0.8055760450415963
2022-07-01 00:00:00+00:00,-0.9062362054089472,0.5864220583201072,0.816028611061308
2022-07-02 00:00:00+00:00,-0.907556193734031,0.5902629278531288,0.8158030383970161
2022-07-03 00:00:00+00:00,-0.9086836922851109,0.6129878964559119,0.8203600618099902
2022-07-04 00:00:00+00:00,-0.9111730162685061,0.5203316151686712,0.6821894005212858
2022-07-05 00:00:00+00:00,-0.9127055897350539,0.5119482073352124,0.6868520971302428
2022-07-06 00:00:00+00:00,-0.9150344568579374,0.4537389901339737,0.555887979638791
2022-07-07 00:00:00+00:00,-0.9126093006987532,0.40322441916709284,0.5118586816863167
2022-07-08 00:00:00+00:00,-0.9126968045000962,0.4024070665323749,0.536390893216039
2022-07-09 00:00:00+00:00,-0.9131338207057026,0.3968575150878826,0.5306239831720103
2022-07-10 00:00:00+00:00,-0.9138413848681599,0.4577166557938728,0.609435447978363
2022-07-11 00:00:00+00:00,-0.914474813590624,0.5338959236330503,0.71315213425757
2022-07-12 00:00:00+00:00,-0.9151232445747431,0.5717519239474875,0.8022877390282888
2022-07-13 00:00:00+00:00,-0.9100089151659109,0.5544567373054534,0.7977488789237668
2022-07-14 00:00:00+00:00,-0.9145719625032153,0.47225438635688066,0.623761961421796
2022-07-15 00:00:00+00:00,-0.9104354485577871,0.4541268283690285,0.5686578680203047
2022-07-16 00:00:00+00:00,-0.9132298662805562,0.42633329558965083,0.41764206955046657
2022-07-17 00:00:00+00:00,-0.913261893084943,0.44907049469760785,0.4277070182646696
2022-07-18 00:00:00+00:00,-0.9169373392818645,0.3310608944668869,0.19997596518747152
2022-07-19 00:00:00+00:00,-0.9127112498772177,0.27835601894632656,0.22453835779864106
2022-07-20 00:00:00+00:00,-0.9058646020020109,0.2831940335783458,0.2431748577136923
2022-07-21 00:00:00+00:00,-0.9116942250736301,0.2915287927405572,0.20075533974420012
2022-07-22 00:00:00+00:00,-0.9089481828081796,0.31338872718023447,0.2157600943156579
2022-07-23 00:00:00+00:00,-0.9091407252478078,0.33996954265431456,0.2195819638786829
2022-07-24 00:00:00+00:00,-0.9196925604556214,0.29215737335515835,0.15791450209676405
2022-07-25 00:00:00+00:00,-0.9110005720482867,0.3715474240881427,0.28933432353084076
2022-07-26 00:00:00+00:00,-0.9087597453825929,0.3809652184672827,0.29181848294137147
2022-07-27 00:00:00+00:00,-0.9177034227431067,0.2731878296216743,0.1378825485712889
2022-07-28 00:00:00+00:00,-0.9235709462702153,0.229468861419297,0.08678936747616728
2022-07-29 00:00:00+00:00,-0.9216625326360779,0.2346769020453232,0.09222387435528079
2022-07-30 00:00:00+00:00,-0.9214334486238518,0.23844090830845355,0.09710665880966407
2022-07-31 00:00:00+00:00,-0.9216014177739021,0.2549627962007992,0.10608299764021667
2022-08-01 00:00:00+00:00,-0.9181500843856362,0.2766880364930222,0.14917069460460786
2022-08-02 00:00:00+00:00,-0.9212031816861364,0.26963096496009387,0.12814318386667556
2022-08-03 00:00:00+00:00,-0.9207376466850594,0.27939199863969244,0.13450462253423634
2022-08-04 00:00:00+00:00,-0.9163128221805885,0.2869210864351206,0.13823105052364482
2022-08-05 00:00:00+00:00,-0.9205075821768793,0.24706615615195693,0.057386818362400005
2022-08-06 00:00:00+00:00,-0.9202466926863041,0.2672368162528791,0.08262155447770025
2022-08-07 00:00:00+00:00,-0.9194001083833847,0.2604888413459858,0.0758209376599086
2022-08-08 00:00:00+00:00,-0.91978171299538,0.250332633347333,0.04459638164373536
2022-08-09 00:00:00+00:00,-0.9180727822155916,0.2778425007397425,0.08961333364655033
2022-08-10 00:00:00+00:00,-0.9227684969533964,0.2296772362084909,-0.0005934493976488264
2022-08-11 00:00:00+00:00,-0.9231562755898025,0.22944558018817274,-0.016673846792079616
2022-08-12 00:00:00+00:00,-0.9241053853875326,0.20597262380100045,-0.05532916641134056
2022-08-13 00:00:00+00:00,-0.9242395389743322,0.19894375849481483,-0.07200221824506559
2022-08-14 00:00:00+00:00,-0.9199482070582151,0.2108882693608456,-0.046406002139192104
2022-08-15 00:00:00+00:00,-0.9213799954591685,0.21187873576146243,-0.03690246753657067
2022-08-16 00:00:00+00:00,-0.9219801579923683,0.20439417910235025,-0.03669265241091946
2022-08-17 00:00:00+00:00,-0.9268016221684152,0.14054739262791816,-0.08328199536595338
2022-08-18 00:00:00+00:00,-0.9214948671895654,0.12344337507330372,-0.10008719717936088
2022-08-19 00:00:00+00:00,-0.9047968849266799,0.25273694118234324,0.037700200744557266
2022-08-20 00:00:00+00:00,-0.9022215246333034,0.23887905763793604,0.0692875815334637
2022-08-21 00:00:00+00:00,-0.9103720961010583,0.2143239257450753,0.030541427450204717
2022-08-22 00:00:00+00:00,-0.9169136508368624,0.2175797658205696,0.00635825341917684
2022-08-23 00:00:00+00:00,-0.9167827861288853,0.22776592819399966,0.008526428927411178
2022-08-24 00:00:00+00:00,-0.9186384744693588,0.2251943085199979,0.0027768387501811986
2022-08-25 00:00:00+00:00,-0.9166435763726077,0.2087741383660866,-0.024370099875524298
2022-08-26 00:00:00+00:00,-0.9085766809897126,0.2853764997369208,0.09207123818111884
2022-08-27 00:00:00+00:00,-0.9071040692946268,0.30263953766918195,0.11218193768191753
2022-08-28 00:00:00+00:00,-0.9025386043885107,0.33567809953256367,0.1586251366733018
2022-08-29 00:00:00+00:00,-0.9082574204858936,0.36629739230483693,0.11446062636937748
2022-08-30 00:00:00+00:00,-0.9055699666935134,0.3779758990412718,0.1184843138155176
2022-08-31 00:00:00+00:00,-0.9148905882354758,0.2938031982012985,0.058979473650344394
2022-09-01 00:00:00+00:00,-0.9170838125179486,0.2818270507951237,0.02708427901346644
2022-09-02 00:00:00+00:00,-0.9189570154244244,0.2965964075529799,0.03915320404989364
2022-09-03 00:00:00+00:00,-0.9154995320902037,0.3095674141156419,0.05032553002966367
2022-09-04 00:00:00+00:00,-0.9146087654341575,0.29128163077553837,0.032438832885872015
2022-09-05 00:00:00+00:00,-0.9127414416697134,0.30283924101018145,0.01029175423414519
2022-09-06 00:00:00+00:00,-0.9068084563912111,0.37089482459590184,0.047555820681073335
2022-09-07 00:00:00+00:00,-0.9075329641303295,0.3608675550100451,0.011110429447852788
2022-09-08 00:00:00+00:00,-0.9091019433160168,0.3411391543481108,0.0006542861860008298
2022-09-09 00:00:00+00:00,-0.9141448518549671,0.2126159462661943,-0.048125105486459985
2022-09-10 00:00:00+00:00,-0.9152800568444603,0.19369937833570616,-0.08832547967443005
2022-09-11 00:00:00+00:00,-0.9181924504524103,0.1528231029002327,-0.12131747173165885
2022-09-12 00:00:00+00:00,-0.9166675565215054,0.15379532000282192,-0.07189591987741561
2022-09-13 00:00:00+00:00,-0.9070566727720093,0.29981951632755144,0.021100101626016166
2022-09-14 00:00:00+00:00,-0.9070954290559884,0.3112725697851999,-0.00727543503073147
2022-09-15 00:00:00+00:00,-0.9067284317354378,0.35012496269391535,0.11443897470718034
2022-09-16 00:00:00+00:00,-0.9064244884893427,0.3411739457565153,0.13982843991910165
2022-09-17 00:00:00+00:00,-0.9092315845003847,0.31888292609684377,0.10460706821075294
2022-09-18 00:00:00+00:00,-0.9008638489521894,0.37836124304574836,0.22641269080036874
2022-09-19 00:00:00+00:00,-0.9059324274317246,0.3927538590839339,0.1941452637392984
2022-09-20 00:00:00+00:00,-0.903635581715931,0.4370860927152318,0.22626291640525187
2022-09-21 00:00:00+00:00,-0.904560643838905,0.43911824480969996,0.2714443962818476
2022-09-22 00:00:00+00:00,-0.9114774162044684,0.36999520143410614,0.20100116098487697
2022-09-23 00:00:00+00:00,-0.9106028329549998,0.3777130116211014,0.20087398756828012
2022-09-24 00:00:00+00:00,-0.9086716340334683,0.38729843291667776,0.2001169208810063
2022-09-25 00:00:00+00:00,-0.9079612538212035,0.3986429795112345,0.22686018399079266
2022-09-26 00:00:00+00:00,-0.9057817710841588,0.36373598255028394,0.1929694574792129
2022-09-27 00:00:00+00:00,-0.9056558251759845,0.3822952094775811,0.20377705155042847
2022-09-28 00:00:00+00:00,-0.9003970514481829,0.3919353293339143,0.23615764283577612
2022-09-29 00:00:00+00:00,-0.9007785706386507,0.37339898762269996,0.2483716403383993
2022-09-30 00:00:00+00:00,-0.8974531744896386,0.38820477783366925,0.2575185140586429
2022-10-01 00:00:00+00:00,-0.8929023822518134,0.4495698036606173,0.3216978327323734
2022-10-02 00:00:00+00:00,-0.8908064309140451,0.4427663616137021,0.30208659690456807
2022-10-03 00:00:00+00:00,-0.8892181714851431,0.39723614147988573,0.2522806460633822
2022-10-04 00:00:00+00:00,-0.8933803859376557,0.36585779596829937,0.20939558865654528
2022-10-05 00:00:00+00:00,-0.8966313811504267,0.3597597213251542,0.19197603904747806
2022-10-06 00:00:00+00:00,-0.8932881664311211,0.39930623571252877,0.2166841708208216
2022-10-07 00:00:00+00:00,-0.8943828331898254,0.43146652165965427,0.22723311546840952
2022-10-08 00:00:00+00:00,-0.8938975360230837,0.43769221895605925,0.24125034208045726
2022-10-09 00:00:00+00:00,-0.8984951801299387,0.4193164058681971,0.19423639400512416
2022-10-10 00:00:00+00:00,-0.8938833258854073,0.43164886652480905,0.2151887940590529
2022-10-11 00:00:00+00:00,-0.8934202061865175,0.41004826862539345,0.22401199896883872
2022-10-12 00:00:00+00:00,-0.8948549343782648,0.39696630685760215,0.18940236704675373
2022-10-13 00:00:00+00:00,-0.8955891223117706,0.3864165040441019,0.2059545638188769
2022-10-14 00:00:00+00:00,-0.8951029471545338,0.4002491535402173,0.19954947657509625
2022-10-15 00:00:00+00:00,-0.8929424256315692,0.4239653182403844,0.2218570576977379
2022-10-16 00:00:00+00:00,-0.8929009555925087,0.4795623522424879,0.22471763850070836
2022-10-17 00:00:00+00:00,-0.8947179926490988,0.4524866162724439,0.1754619197836862
2022-10-18 00:00:00+00:00,-0.8975192846459032,0.46527424221728286,0.19281915908171898
2022-10-19 00:00:00+00:00,-0.8905353847244243,0.5014513199926582,0.2190352426678288
2022-10-20 00:00:00+00:00,-0.8819636998309778,0.558090780761604,0.25052823627560294
2022-10-21 00:00:00+00:00,-0.8746580603712562,0.5606983167200383,0.25327178303519915
2022-10-22 00:00:00+00:00,-0.8700628521218208,0.5617534568990881,0.26650984691042257
2022-10-23 00:00:00+00:00,-0.8640973259450251,0.6897963250623389,0.2941357572203489
2022-10-24 00:00:00+00:00,-0.8642396834421421,0.7549519599870045,0.3284956200087825
2022-10-25 00:00:00+00:00,-0.8656073440525669,0.7179247881107986,0.22429336731198712
2022-10-26 00:00:00+00:00,-0.8695616796427921,0.6441524216489929,0.1515101206819489
2022-10-27 00:00:00+00:00,-0.8678254498749512,0.6699599065981903,0.17525841286615385
2022-10-28 00:00:00+00:00,-0.8712532747130333,0.6550730774908895,0.1426843625555676
2022-10-29 00:00:00+00:00,-0.8841983809762107,0.6591272230650462,0.10841900527924442
2022-10-30 00:00:00+00:00,-0.8772578168583489,0.6713010993102406,0.1374462412917179
2022-10-31 00:00:00+00:00,-0.8760049776911306,0.6905084931046899,0.15386376208915942
2022-11-01 00:00:00+00:00,-0.8742177629679856,0.7292563521486926,0.17010668491206737
2022-11-02 00:00:00+00:00,-0.8679926461451474,0.7339156126686197,0.186032114019258
2022-11-03 00:00:00+00:00,-0.8655209373560541,0.7179873929993439,0.19705945748231568
2022-11-04 00:00:00+00:00,-0.8722739315992942,0.6578971010737393,0.12813871764004903
2022-11-05 00:00:00+00:00,-0.867454716869379,0.6437988541445121,0.1627125102951481
2022-11-06 00:00:00+00:00,-0.8599853972504308,0.6763988370569003,0.21211638153657808
2022-11-07 00:00:00+00:00,-0.8645895094103715,0.7191441169085913,0.2022638862317454
2022-11-08 00:00:00+00:00,-0.8256287409667515,0.9207569000869673,0.41456580534474097
2022-11-09 00:00:00+00:00,-0.79958359071045,1.304938010313506,0.9236984574646561
2022-11-10 00:00:00+00:00,-0.7943074512805696,1.1192723202745274,0.599131826857952
2022-11-11 00:00:00+00:00,-0.7879476080690512,1.1751216000178086,0.5924934847356664
2022-11-12 00:00:00+00:00,-0.7802326589788623,1.2046129925624904,0.6263113939152913
2022-11-13 00:00:00+00:00,-0.7813898793184674,1.2329004859199562,0.6812663222785287
2022-11-14 00:00:00+00:00,-0.78760391496004,1.1391302725840675,0.5920709735538254
2022-11-15 00:00:00+00:00,-0.7793851698374901,1.2400546253765405,0.6425396774734087
2022-11-16 00:00:00+00:00,-0.7872911892576319,1.1703193228492763,0.6130721856319428
2022-11-17 00:00:00+00:00,-0.7855193416188484,1.1934274910499045,0.6334313537649008
2022-11-18 00:00:00+00:00,-0.7916806467439104,1.1896475843465293,0.6185323854920912
2022-11-19 00:00:00+00:00,-0.7860981457871865,1.2370262767743587,0.6519007612900045
2022-11-20 00:00:00+00:00,-0.7746965873364012,1.3002611142471574,0.7697271079748909
2022-11-21 00:00:00+00:00,-0.787263672643314,1.264811685229788,0.7456336807123378
2022-11-22 00:00:00+00:00,-0.7750362171930061,1.3053231231519926,0.8104685854685856
2022-11-23 00:00:00+00:00,-0.7812717403911664,1.246222545053306,0.7409583628811669
2022-11-24 00:00:00+00:00,-0.7773993655217697,1.2720455209516262,0.7286600815797564
2022-11-25 00:00:00+00:00,-0.769382044924146,1.2866692813400684,0.7369215375635789
2022-11-26 00:00:00+00:00,-0.7776940251121919,1.2752541684970202,0.7106254147312543
2022-11-27 00:00:00+00:00,-0.7798711320452355,1.2669181765170632,0.6982443796696485
2022-11-28 00:00:00+00:00,-0.7733500512559717,1.3326392362629536,0.7538898927014737
2022-11-29 00:00:00+00:00,-0.7772552625828415,1.3022393755705481,0.667757235982211
2022-11-30 00:00:00+00:00,-0.7859185064757315,1.197899746207681,0.5851861007678878
2022-12-01 00:00:00+00:00,-0.7739905154303408,1.2784754057901782,0.6352425944641609
2022-12-02 00:00:00+00:00,-0.7669294054656817,1.3080179070178328,0.6708526617216866
2022-12-03 00:00:00+00:00,-0.756137481438425,1.367295619832753,0.7677809933011421
2022-12-04 00:00:00+00:00,-0.7560453227630894,1.454801615835657,0.7534410392290194
2022-12-05 00:00:00+00:00,-0.7506246357555445,1.5976901337058358,0.8209558444033316
2022-12-06 00:00:00+00:00,-0.7442325521663493,1.5608749742523833,0.7562061479407229
2022-12-07 00:00:00+00:00,-0.7248290445752236,1.570176709842344,0.9133920304098506
2022-12-08 00:00:00+00:00,-0.7170524968916241,1.5644875494220307,0.8424908997172271
2022-12-09 00:00:00+00:00,-0.7086101038275026,1.5520884417604277,0.8529728445887104
2022-12-10 00:00:00+00:00,-0.6901594090540573,1.5566799338373571,0.8576144036009004
2022-12-11 00:00:00+00:00,-0.6977244125584015,1.414590533829284,0.7617596060205383
2022-12-12 00:00:00+00:00,-0.6865698897536736,1.4109703582196915,0.7276619099890229
2022-12-13 00:00:00+00:00,-0.6745138884982775,1.411800480458179,0.711347856044946
2022-12-14 00:00:00+00:00,-0.6690674586232737,1.4165532504079335,0.770880499296335
2022-12-15 00:00:00+00:00,-0.6671575934020296,1.4164253523496315,0.7532016359530691
2022-12-16 00:00:00+00:00,-0.6206541648091815,1.5419507555260545,0.9102697050984292
2022-12-17 00:00:00+00:00,-0.6219694097650029,1.4662236268308328,0.8502308029246266
2022-12-18 00:00:00+00:00,-0.5988964565220016,1.5485281879006183,0.8760079793078963
2022-12-19 00:00:00+00:00,-0.6075774512978227,1.571707439922914,0.8649363771814149
2022-12-20 00:00:00+00:00,-0.5786293175531316,1.5846393963857959,0.8095962003056847
2022-12-21 00:00:00+00:00,-0.569504521738259,1.6069931832243967,0.8451531579034093
2022-12-22 00:00:00+00:00,-0.5810755897877395,1.6138705211150302,0.908943837202618
2022-12-23 00:00:00+00:00,-0.5477734876520106,1.6046523825133359,0.8919827211698454
2022-12-24 00:00:00+00:00,-0.5548061169315144,1.5535277724321284,0.8551552347162019
2022-12-25 00:00:00+00:00,-0.5264689602333188,1.58886913167749,0.8640388671410164
2022-12-26 00:00:00+00:00,-0.5410932189585038,1.5124386872103548,0.8165148073055348
2022-12-27 00:00:00+00:00,-0.5355152120442364,1.5995399356891626,0.9630638438364079
2022-12-28 00:00:00+00:00,-0.525764019838497,1.572246485984731,0.9696256774356173
2022-12-29 00:00:00+00:00,-0.4970213466309754,1.5290543704951518,0.9152179526693265
2022-12-30 00:00:00+00:00,-0.49153952756919184,1.5374277132954548,0.909749247910399
2022-12-31 00:00:00+00:00,-0.4971284309355405,1.5560728793887222,0.9077107003419358
2023-01-01 00:00:00+00:00,-0.4548788713026992,1.6587359140626177,0.9594781478581069
2023-01-02 00:00:00+00:00,-0.4710422477272568,1.6958112190642645,0.9401482701812192
2023-01-03 00:00:00+00:00,-0.46910700872482236,1.5694013497905273,0.8193734304886582
2023-01-04 00:00:00+00:00,-0.4609134646056514,1.6201873431784244,0.8037314026573315
2023-01-05 00:00:00+00:00,-0.4672660132887033,1.6227128925222125,0.8132252805217226
2023-01-06 00:00:00+00:00,-0.5137202122220661,1.5939017087840286,0.7655892966890965
2023-01-07 00:00:00+00:00,-0.5002856927696107,1.592666126442066,0.7573552097589533
2023-01-08 00:00:00+00:00,-0.5473050365119752,1.7412135687941785,0.8063185961431139
2023-01-09 00:00:00+00:00,-0.592842484534823,1.6842066658672068,0.7754527071547042
2023-01-10 00:00:00+00:00,-0.5470912584789973,1.675012872219285,0.9349665323969394
2023-01-11 00:00:00+00:00,-0.5404394916720955,1.582538513068417,0.8842873491244359
2023-01-12 00:00:00+00:00,-0.5615106012732685,1.2700478918766338,0.7815554551104582
2023-01-13 00:00:00+00:00,-0.5910962881852768,1.1499231560847187,0.7765917861080485
2023-01-14 00:00:00+00:00,-0.632837152629209,0.9915299127842054,0.5955029356732691
2023-01-15 00:00:00+00:00,-0.5995436945363997,1.0368013798720743,0.6178728776440885
2023-01-16 00:00:00+00:00,-0.604279343548263,1.0361872305074424,0.6407726356107397
2023-01-17 00:00:00+00:00,-0.5878196531887973,1.0239642561253208,0.6161461959541894
2023-01-18 00:00:00+00:00,-0.604000362606317,0.9986729517682771,0.6347498726371714
2023-01-19 00:00:00+00:00,-0.6205785275150264,0.9770235658533599,0.606612124377051
2023-01-20 00:00:00+00:00,-0.6857656412989898,0.8394870828831604,0.49049152256228457
2023-01-21 00:00:00+00:00,-0.6994941404455174,0.8250154168248585,0.5104877479006062
2023-01-22 00:00:00+00:00,-0.7198272431238717,0.7424797030810448,0.4219879073882906
2023-01-23 00:00:00+00:00,-0.7116978227689225,0.741002642206799,0.37896685093064586
2023-01-24 00:00:00+00:00,-0.6871448272924683,0.7710897724506238,0.43641586920056286
2023-01-25 00:00:00+00:00,-0.7388180466821732,0.7328474034449592,0.3763787734034765
2023-01-26 00:00:00+00:00,-0.7227487620089005,0.8176508551846724,0.4163351216983431
2023-01-27 00:00:00+00:00,-0.7249393254061751,0.8254458667184417,0.41957411649829135
2023-01-28 00:00:00+00:00,-0.7224930078794354,0.8256434981279266,0.4355957000190829
2023-01-29 00:00:00+00:00,-0.7172709786342293,0.8238628944963209,0.40911522933994826
2023-01-30 00:00:00+00:00,-0.7015634715311346,0.881223947095765,0.49598391010088116
2023-01-31 00:00:00+00:00,-0.7140007750605036,0.8412869462787884,0.44016703146978853
2023-02-01 00:00:00+00:00,-0.7186322181190218,0.8153439184651026,0.4036109351396131
2023-02-02 00:00:00+00:00,-0.7188349753761777,0.8391634530975005,0.40528993621890064
2023-02-03 00:00:00+00:00,-0.727994442588693,0.8355784208706931,0.38050038472636327
2023-02-04 00:00:00+00:00,-0.7211063815642126,0.825488578821649,0.3741103469796805
2023-02-05 00:00:00+00:00,-0.7243400315669013,0.8623323424720193,0.41301518704497187
2023-02-06 00:00:00+00:00,-0.7238445510268886,0.8934173369205165,0.4697730890979934
2023-02-07 00:00:00+00:00,-0.7448749424927201,0.9082926930017736,0.4512605997498549
2023-02-08 00:00:00+00:00,-0.7255225525705786,0.9722444802508383,0.4660118878110553
2023-02-09 00:00:00+00:00,-0.6594119012856444,1.1624157255687306,0.609059436373637
2023-02-10 00:00:00+00:00,-0.6538794887166309,1.2081234893196315,0.6524394273855629
2023-02-11 00:00:00+00:00,-0.6496665939322726,1.2092569256559735,0.6296351664922555
2023-02-12 00:00:00+00:00,-0.6396076758736555,1.2915132251231891,0.7559660159885928
2023-02-13 00:00:00+00:00,-0.6401356865080297,1.2825231227929494,0.7538664930509418
2023-02-14 00:00:00+00:00,-0.6417591193172585,1.33313258113572,0.7836293396584195
2023-02-15 00:00:00+00:00,-0.6618609685423105,1.1328684984613995,0.68520884579562
2023-02-16 00:00:00+00:00,-0.6387217336158468,1.2163759922305393,0.7106677086894937
2023-02-17 00:00:00+00:00,-0.679223913236898,1.1018601162313182,0.6447129945037104
2023-02-18 00:00:00+00:00,-0.6708081111441222,1.1166683920680254,0.7032193991558389
2023-02-19 00:00:00+00:00,-0.666682621032013,1.1331263163445917,0.7531180235154042
2023-02-20 00:00:00+00:00,-0.668249239755685,1.103630918356667,0.7700129750421247
2023-02-21 00:00:00+00:00,-0.6539110621207593,1.1204421204507087,0.7881500939894925
2023-02-22 00:00:00+00:00,-0.6389496626153077,1.1209153340410163,0.8083669072629234
2023-02-23 00:00:00+00:00,-0.6411964846988369,1.1196209722558708,0.7704858439410369
2023-02-24 00:00:00+00:00,-0.6175337005007884,1.2241783475643393,0.8613135962184351
2023-02-25 00:00:00+00:00,-0.5961865840181462,1.2338253500982637,0.9519810859285833
2023-02-26 00:00:00+00:00,-0.5960276169451729,1.3127496035848245,0.9349441926207536
2023-02-27 00:00:00+00:00,-0.605384673446242,1.4279380846914855,0.9849765833052742
2023-02-28 00:00:00+00:00,-0.5738156023522692,1.6978333794984524,1.107548451000791
2023-03-01 00:00:00+00:00,-0.601984372688747,1.5871199633331456,1.005795030086115
2023-03-02 00:00:00+00:00,-0.5780394881985402,1.658727858814625,1.0835689925114997
2023-03-03 00:00:00+00:00,-0.5288759038562787,1.7729416301264096,1.1799993628341139
2023-03-04 00:00:00+00:00,-0.527480573647273,1.824324717395108,1.2261717079522318
2023-03-05 00:00:00+00:00,-0.5314265334394587,2.0425760045367327,1.3186797734855364
2023-03-06 00:00:00+00:00,-0.5602525653413313,1.8435524319500223,1.2694847493996835
2023-03-07 00:00:00+00:00,-0.4667616861294306,1.9765816318256269,1.44474250300904
2023-03-08 00:00:00+00:00,-0.43464583402703183,2.0786369684281913,1.5246740364661506
2023-03-09 00:00:00+00:00,-0.41442875754033304,2.3456170299702093,1.701806139203518
2023-03-10 00:00:00+00:00,-0.32101827834217456,2.3901206360675493,1.7377316956899693
2023-03-11 00:00:00+00:00,-0.3885165548323146,2.370981138292303,1.63488386312221
2023-03-12 00:00:00+00:00,-0.3930995718301008,2.2767077129677493,1.5721210126998795
2023-03-13 00:00:00+00:00,-0.40155137863327994,1.963156292662859,1.3782963339209418
2023-03-14 00:00:00+00:00,-0.44245706593309686,1.9619455047565082,1.3565905613746025
2023-03-15 00:00:00+00:00,-0.35075418787064383,1.9395511589967085,1.352602487333026
2023-03-16 00:00:00+00:00,-0.4159139351943292,1.7801296703279124,1.2358385163676338
2023-03-17 00:00:00+00:00,-0.5780383280566069,1.383658336353943,0.96900970786969
2023-03-18 00:00:00+00:00,-0.5218067798020366,1.5418008145687314,1.0722237383730189
2023-03-19 00:00:00+00:00,-0.5940594207609925,1.4169843852275439,0.9770312464901048
2023-03-20 00:00:00+00:00,-0.6003449650140702,1.23463497686078,0.8228742252334398
2023-03-21 00:00:00+00:00,-0.5278734209943456,1.4137831532438345,0.9522937104089984
2023-03-22 00:00:00+00:00,-0.5302585072362533,1.4036307698404862,1.0139477492749362
2023-03-23 00:00:00+00:00,-0.5555439415005508,1.2546639189889808,0.8394356568290706
2023-03-24 00:00:00+00:00,-0.5190451492543073,1.3307683593964845,0.9030561795183962
2023-03-25 00:00:00+00:00,-0.45886285282748185,1.4472968126148138,0.9834776218798078
2023-03-26 00:00:00+00:00,-0.4748803461580461,1.4985656847724456,1.024048977382912
2023-03-27 00:00:00+00:00,-0.4491317238301935,1.580211326046796,1.091469315889507
2023-03-28 00:00:00+00:00,-0.49085418910331247,1.5483222045209528,0.9747375901725335
2023-03-29 00:00:00+00:00,-0.4971438822321238,1.496793492447599,0.9856949254630327
2023-03-30 00:00:00+00:00,-0.49902526766414435,1.4921228476841275,0.9568022033775458
2023-03-31 00:00:00+00:00,-0.5027613927853183,1.4444510801900976,0.9245684922482322
2023-04-01 00:00:00+00:00,-0.47428681060494304,1.5052081118402345,1.0020375770956562
2023-04-02 00:00:00+00:00,-0.4947031187116756,1.4723172441162053,0.9525107132309099
2023-04-03 00:00:00+00:00,-0.5479954062025876,1.354819784172662,0.8110698090593258
2023-04-04 00:00:00+00:00,-0.5635116563497231,1.3419910976099456,0.7701470831974422
2023-04-05 00:00:00+00:00,-0.5518676172640674,1.4312305888425314,0.7432899004028941
2023-04-06 00:00:00+00:00,-0.5557129743660413,1.4192429001827076,0.771967678019237
2023-04-07 00:00:00+00:00,-0.5375086036762997,1.4688305484812942,0.7983334406455906
2023-04-08 00:00:00+00:00,-0.5064853342113411,1.4826203237267155,0.8683268246773617
2023-04-09 00:00:00+00:00,-0.5032913367004387,1.528619081647352,0.9875034966539711
2023-04-10 00:00:00+00:00,-0.5513902562105223,1.3330703767612073,0.8356140718249396
2023-04-11 00:00:00+00:00,-0.5486741617072632,1.3387449578515795,0.8761389732572784
2023-04-12 00:00:00+00:00,-0.5603908788492051,1.3422800468548153,0.8267123537725762
2023-04-13 00:00:00+00:00,-0.6336821219766469,1.2096817524554027,0.609052638903385
2023-04-14 00:00:00+00:00,-0.697120842677588,1.0981605301223327,0.43191634245877397
2023-04-15 00:00:00+00:00,-0.6621287316425788,1.1674086460875341,0.5091887496412515
2023-04-16 00:00:00+00:00,-0.6872109643698072,1.092747812629415,0.4641213591545639
2023-04-17 00:00:00+00:00,-0.6662300999633752,1.1676114422327761,0.4870877531340405
2023-04-18 00:00:00+00:00,-0.6826497426686162,1.0170292899837756,0.4192583788923223
2023-04-19 00:00:00+00:00,-0.64928517801783,1.204044157224165,0.5847093441173277
2023-04-20 00:00:00+00:00,-0.6301106021710297,1.2595525011816817,0.5730784670969336
2023-04-21 00:00:00+00:00,-0.5406900319625387,1.3820185277836057,0.7069581020997631
2023-04-22 00:00:00+00:00,-0.5407578666623306,1.3345975550790259,0.6795097537029922
2023-04-23 00:00:00+00:00,-0.5026830688209456,1.4218146760128452,0.718689581095596
2023-04-24 00:00:00+00:00,-0.4725484314470202,1.4140950524028084,0.7479585631759547
2023-04-25 00:00:00+00:00,-0.49863249148404054,1.2716535474804767,0.6830823642891595
2023-04-26 00:00:00+00:00,-0.47751508220486893,1.26984626938525,0.6912020835901203
2023-04-27 00:00:00+00:00,-0.5016510701685135,1.1636924523891037,0.6405578724563574
2023-04-28 00:00:00+00:00,-0.48876721591965455,1.1650733324918034,0.7216622420595047
2023-04-29 00:00:00+00:00,-0.48225049736431824,1.1593447928444482,0.7105828703218366
2023-04-30 00:00:00+00:00,-0.46831175780243306,1.1847070506454815,0.7200936853306525
2023-05-01 00:00:00+00:00,-0.4958002194915232,1.161587501327122,0.6463651111851558
2023-05-02 00:00:00+00:00,-0.48185789547619995,1.0357605513246315,0.5894828028747434
2023-05-03 00:00:00+00:00,-0.4807055319716983,1.0347372852626733,0.567455068447132
2023-05-04 00:00:00+00:00,-0.43232496586327174,1.180513944024168,0.6529005311469471
2023-05-05 00:00:00+00:00,-0.4167591870633882,1.1654200675735904,0.5638539106005118
2023-05-06 00:00:00+00:00,-0.37770461374800524,1.218925270900784,0.6539368147948932
2023-05-07 00:00:00+00:00,-0.37702942798802574,1.2217716434342476,0.6374037639007697
2023-05-08 00:00:00+00:00,-0.37665305928469006,1.252071015754574,0.6268429712702159
2023-05-09 00:00:00+00:00,-0.3876326986339429,1.2148701312098078,0.610710958993133
2023-05-10 00:00:00+00:00,-0.32133491942384784,1.285393722541782,0.6493720258143023
2023-05-11 00:00:00+00:00,-0.33616472618023463,1.254471678565681,0.6217968009808839
2023-05-12 00:00:00+00:00,-0.3350120784783629,1.2700491621387715,0.6113585438048077
2023-05-13 00:00:00+00:00,-0.32934951518719,1.2962968081006063,0.6318164346474591
2023-05-14 00:00:00+00:00,-0.29034443555544465,1.3382483295328491,0.64015873633428
2023-05-15 00:00:00+00:00,-0.29611918588399533,1.2670338198683901,0.5867911023015084
2023-05-16 00:00:00+00:00,-0.25996532433912023,1.4490231502442863,0.6623908431595047
2023-05-17 00:00:00+00:00,-0.2850879151472204,1.3803597146715578,0.616084560841218
2023-05-18 00:00:00+00:00,-0.24595294477579288,1.498911312211796,0.7172490780646024
2023-05-19 00:00:00+00:00,-0.27023140011101,1.4893806830737502,0.7231725081663283
2023-05-20 00:00:00+00:00,-0.2858800538010673,1.4453161579976408,0.6880049686163723
2023-05-21 00:00:00+00:00,-0.19411958966398468,1.671123360518144,1.028788139020782
2023-05-22 00:00:00+00:00,-0.14343505795334888,1.612672150862947,1.085233994552508
2023-05-23 00:00:00+00:00,-0.16957248223706411,1.5410584501394395,1.015981230279658
2023-05-24 00:00:00+00:00,-0.14995628786514004,1.5815497810210104,1.1021340193011793
2023-05-25 00:00:00+00:00,-0.1674181372293383,1.5893530922470869,1.0648427115640233
2023-05-26 00:00:00+00:00,-0.15250101410894912,1.594577157424272,1.0512531527144806
2023-05-27 00:00:00+00:00,-0.1717968464059546,1.5510903852534437,1.0910929072239313
2023-05-28 00:00:00+00:00,-0.1311039788411249,1.4741289862818454,1.0403114259367925
2023-05-29 00:00:00+00:00,-0.10433738623298572,1.4660154165645145,1.031432949381803
2023-05-30 00:00:00+00:00,-0.14710697488782498,1.4428194869720952,0.9822423563209319
2023-05-31 00:00:00+00:00,-0.12510996992167678,1.5119915767345882,1.000346920149656
2023-06-01 00:00:00+00:00,-0.07475469858463812,1.5184646988041206,1.0208026727110613
2023-06-02 00:00:00+00:00,-0.06348732004533253,1.4875333072222579,1.0012902007678268
2023-06-03 00:00:00+00:00,-0.033197255801836856,1.5034201207127507,0.9983034364660739
2023-06-04 00:00:00+00:00,-0.03074728436498808,1.5376864129025738,0.9931428934238442
2023-06-05 00:00:00+00:00,0.07237239719331123,1.74165468241074,1.1045180889257113
2023-06-06 00:00:00+00:00,0.08706899753189812,1.6113768303288127,1.0513148399694368
2023-06-07 00:00:00+00:00,0.11404473235245383,1.687958771935819,1.0814352693313247
2023-06-08 00:00:00+00:00,0.03811309979066291,1.617329739182546,0.9929780455560131
2023-06-09 00:00:00+00:00,0.0818137407588162,1.6176809940097012,1.0004509962670554
2023-06-10 00:00:00+00:00,0.13076151113282375,1.6952352463371492,1.1160927874486877
2023-06-11 00:00:00+00:00,0.09512266054124363,1.6822960361496673,1.0926139345945822
2023-06-12 00:00:00+00:00,0.027442087582205232,1.5984847051884201,1.006995414818343
2023-06-13 00:00:00+00:00,0.05190304083211128,1.6321944918399418,1.04590488012321
2023-06-14 00:00:00+00:00,0.0199185742019532,1.6572514982927817,1.1014567370301949
2023-06-15 00:00:00+00:00,0.02057415013998609,1.5799955387993587,1.0887123866199548
2023-06-16 00:00:00+00:00,0.023216118608029745,1.513883089770355,1.0773609946912543
2023-06-17 00:00:00+00:00,0.03148589956160919,1.5144961777335961,1.097750845024772
2023-06-18 00:00:00+00:00,-0.08345628809259376,1.5248445613263795,1.0404195357215493
2023-06-19 00:00:00+00:00,-0.12583333406883102,1.4278971180155229,1.005296152805522
2023-06-20 00:00:00+00:00,-0.14037332549151338,1.2952661068482785,0.9869028286988211
2023-06-21 00:00:00+00:00,-0.1947004482716309,1.1627734848664177,0.8596481941231586
2023-06-22 00:00:00+00:00,-0.18235149552068763,1.146352073219537,0.8795305580632582
2023-06-23 00:00:00+00:00,-0.18800280056082241,1.094009482379393,0.8470329647104822
2023-06-24 00:00:00+00:00,-0.17215735159986412,1.0705971645828032,0.8245242565174722
2023-06-25 00:00:00+00:00,-0.13623790772079236,0.9792526325672153,0.7657099220560355
2023-06-26 00:00:00+00:00,-0.04037325160040284,1.0419595090390872,0.8262317304744025
2023-06-27 00:00:00+00:00,-0.08771434206398498,0.9830613010891283,0.7842271827601901
2023-06-28 00:00:00+00:00,-0.017035335106575955,1.05158855100888,0.8875285828382622
2023-06-29 00:00:00+00:00,-0.011869262860827567,0.9846692532115315,0.8251448441946232
2023-06-30 00:00:00+00:00,-0.010576307618560654,1.001400630086637,0.7472424616943929
2023-07-01 00:00:00+00:00,0.010304653811514353,1.0523185520125287,0.786521174330995
2023-07-02 00:00:00+00:00,-0.009628571692450127,1.0544118746984932,0.7766376943245865
2023-07-03 00:00:00+00:00,0.02735537837382518,0.9943211944974033,0.7495678942900681
2023-07-04 00:00:00+00:00,-0.047341143786153395,0.9569518934711803,0.7020349137485797
2023-07-05 00:00:00+00:00,-0.18653020553391975,0.8701971918526947,0.6016352938713121
2023-07-06 00:00:00+00:00,-0.2007245302421362,0.8942289841624622,0.6151167010621992
2023-07-07 00:00:00+00:00,-0.1404753459802478,0.9189555342448597,0.6392183482904039
2023-07-08 00:00:00+00:00,-0.22874684919429,0.8444276849345689,0.5713795543736999
2023-07-09 00:00:00+00:00,-0.17478039812654467,0.8804139557722614,0.620683916684561
2023-07-10 00:00:00+00:00,-0.14177698177845677,0.9088129945280694,0.630849819187407
2023-07-11 00:00:00+00:00,-0.1010203791698302,0.8851042221140941,0.6509875951658415
2023-07-12 00:00:00+00:00,-0.14026651346187957,0.8874223173140223,0.6559124274770012
2023-07-13 00:00:00+00:00,-0.17307771612755196,0.8404233707199318,0.5634300994267869
2023-07-14 00:00:00+00:00,-0.13016642824583136,0.9531538819101735,0.6389105339477663
2023-07-15 00:00:00+00:00,-0.09755107863162593,1.0072259316093488,0.6801611258096416
2023-07-16 00:00:00+00:00,0.02913495478940953,1.1409156327453136,0.8122740113729183
2023-07-17 00:00:00+00:00,0.11283584162168458,1.158205255823213,0.8020772289660947
2023-07-18 00:00:00+00:00,0.11303406127410387,1.1463448533162217,0.785279436646444
2023-07-19 00:00:00+00:00,0.0560079806365712,1.1394052199974523,0.8142780745831633
2023-07-20 00:00:00+00:00,0.1532378124804752,1.2369127516778522,0.8521614091848659
2023-07-21 00:00:00+00:00,0.16213416469723585,1.2453544478377832,0.8594091122940377
2023-07-22 00:00:00+00:00,0.2203886957289447,1.2878881654024301,0.8943917022051733
2023-07-23 00:00:00+00:00,0.15492437061878817,1.2448002659242947,0.8211178940346158
2023-07-24 00:00:00+00:00,0.15925454802477046,1.259901290422086,0.8824378378378379
2023-07-25 00:00:00+00:00,0.16335432901555125,1.2366896336538038,0.795705349741072
2023-07-26 00:00:00+00:00,0.09844663809377319,1.2417565981965089,0.6963034188034187
2023-07-27 00:00:00+00:00,0.13845662888697152,1.32380321105658,0.7593322874580934
2023-07-28 00:00:00+00:00,0.151452836128114,1.3161689205277725,0.7335542287601577
2023-07-29 00:00:00+00:00,0.10845813633385126,1.325149474157579,0.739021303298129
2023-07-30 00:00:00+00:00,0.11594415696783322,1.2808129752000355,0.7819732622905913
2023-07-31 00:00:00+00:00,0.12114042854468532,1.264211615595789,0.7666824700723005
2023-08-01 00:00:00+00:00,0.04665631451942476,1.175588155789455,0.7255360374065236
2023-08-02 00:00:00+00:00,0.04508135111042133,1.2392242036509957,0.7410728843958911
2023-08-03 00:00:00+00:00,-0.03104606933286791,1.1065660191740392,0.6284964130274922
2023-08-04 00:00:00+00:00,-0.08401800349291944,1.0848392817336268,0.5864891297815027
2023-08-05 00:00:00+00:00,-0.12896979643104234,1.0005758092028345,0.46417058721031546
2023-08-06 00:00:00+00:00,-0.21592655161982988,0.8570554880601973,0.32197805800205437
2023-08-07 00:00:00+00:00,-0.1552696665447657,0.9178355732383556,0.3456508665463889
2023-08-08 00:00:00+00:00,-0.14746447629373105,0.8519779028982462,0.26208048268060136
2023-08-09 00:00:00+00:00,-0.011872159463548915,1.0852549135470602,0.44581884819575834
2023-08-10 00:00:00+00:00,-0.04150264240599222,1.0654028500377684,0.4028729210189639
2023-08-11 00:00:00+00:00,-0.05536790055591334,1.0703951569409806,0.4116527119707494
2023-08-12 00:00:00+00:00,-0.13365451473551004,0.9949796416398546,0.3813387533582351
2023-08-13 00:00:00+00:00,-0.06251869197518656,1.025217172902937,0.4789241224948799
2023-08-14 00:00:00+00:00,-0.07112971423400472,1.0586216609532895,0.46434028718504483
2023-08-15 00:00:00+00:00,-0.0696664765131747,1.0097051369863013,0.45515533248039874
2023-08-16 00:00:00+00:00,-0.06849152440737027,1.0027858885902132,0.42154872470005134
2023-08-17 00:00:00+00:00,0.0056341625896245695,1.211384642312912,0.5419241268160977
2023-08-18 00:00:00+00:00,0.015503157424646474,1.2834109925539265,0.5734988775811123
2023-08-19 00:00:00+00:00,-0.01015530947992771,1.2385949277414072,0.5644708235759162
2023-08-20 00:00:00+00:00,0.01314488368116229,1.2695121303979113,0.5643825211839264
2023-08-21 00:00:00+00:00,0.04787981445064249,1.2587354345632784,0.5428742766333845
2023-08-22 00:00:00+00:00,0.09496490759055232,1.3470997083205405,0.6090067829161034
2023-08-23 00:00:00+00:00,0.06799444767775564,1.2841326961432644,0.5616006096653392
2023-08-24 00:00:00+00:00,0.19111829968417515,1.4460319976470632,0.662982494160707
2023-08-25 00:00:00+00:00,0.24491940389075317,1.4618950645068827,0.6737211271012216
2023-08-26 00:00:00+00:00,0.24198049448150316,1.4683509516911202,0.6673122692830775
2023-08-27 00:00:00+00:00,0.19955637746405475,1.4072696985683346,0.616379128400258
2023-08-28 00:00:00+00:00,0.13454317162242102,1.2746937212863707,0.48651607907663275
2023-08-29 00:00:00+00:00,0.08240462219124911,1.1299673766449683,0.4619525621306564
2023-08-30 00:00:00+00:00,0.12313160178824778,1.1743235070782077,0.4822692540009266
2023-08-31 00:00:00+00:00,0.16822077780768185,1.2791909109903403,0.5348531985222633
2023-09-01 00:00:00+00:00,0.16796644237773872,1.2853662364537173,0.5425567177371835
2023-09-02 00:00:00+00:00,0.08628507568441379,1.2150346102419411,0.48178103028044683
2023-09-03 00:00:00+00:00,0.11345806684769366,1.2768338479416244,0.5515025919405323
2023-09-04 00:00:00+00:00,0.05873622294160041,1.2259616464325513,0.48744257931567425
2023-09-05 00:00:00+00:00,0.07898669349036758,1.2476223339704795,0.4994095873229527
2023-09-06 00:00:00+00:00,0.05693637111584815,1.1809048542407883,0.4504546428680769
2023-09-07 00:00:00+00:00,-0.001546507400993491,1.0553406970100934,0.35017080170619685
2023-09-08 00:00:00+00:00,0.015822538373658324,1.0903054746145386,0.3893451638923515
2023-09-09 00:00:00+00:00,0.030535600136624597,1.1183992037560597,0.40461254386930334
2023-09-10 00:00:00+00:00,0.11755661854682797,1.207370206422897,0.45880476314129903
2023-09-11 00:00:00+00:00,0.16369350676864047,1.2905491977751034,0.5391436027966621
2023-09-12 00:00:00+00:00,0.13980201498501454,1.218954261012922,0.4692994846105074
2023-09-13 00:00:00+00:00,0.14374262241194402,1.2169292960109832,0.46910339508092735
2023-09-14 00:00:00+00:00,0.13922022005981272,1.2809869119807802,0.4996833633574551
2023-09-15 00:00:00+00:00,0.12547207662439686,1.2553770676691727,0.47310347348731785
2023-09-16 00:00:00+00:00,0.1045801643496358,1.2263830838259664,0.4170949583945178
2023-09-17 00:00:00+00:00,0.12205354710154959,1.1944762248699559,0.41492036881810557
2023-09-18 00:00:00+00:00,0.11316764915726885,1.2536746366465628,0.43084085882223566
2023-09-19 00:00:00+00:00,0.10927665066810599,1.2697317114941202,0.44526875699888024
2023-09-20 00:00:00+00:00,0.1319429297054744,1.3206632258064515,0.5196146117145217
2023-09-21 00:00:00+00:00,0.17061129168235478,1.378833924017091,0.6171067085874464
2023-09-22 00:00:00+00:00,0.1842181307932853,1.3833192752182644,0.6398423180254602
2023-09-23 00:00:00+00:00,0.16036869299745216,1.3923410480750276,0.6193392142346255
2023-09-24 00:00:00+00:00,0.2088872118024785,1.4131009227998068,0.6745449829506993
2023-09-25 00:00:00+00:00,0.22535147680340728,1.4430018692398838,0.6704337259889317
2023-09-26 00:00:00+00:00,0.21059035639359158,1.408390083469131,0.6185281146291428
2023-09-27 00:00:00+00:00,0.24955240703499348,1.4712400831305055,0.6465620777661012
2023-09-28 00:00:00+00:00,0.24090464389179078,1.43399580850578,0.6300340594921929
2023-09-29 00:00:00+00:00,0.2315650773268565,1.4476195006793784,0.6043719451857628
2023-09-30 00:00:00+00:00,0.22235165644250987,1.4330779421538606,0.5905415676675303
2023-10-01 00:00:00+00:00,0.12812158514773708,1.2622999603108966,0.500891111380271
2023-10-02 00:00:00+00:00,0.0930319051769104,1.2115607806794886,0.4724434552454282
2023-10-03 00:00:00+00:00,0.035404057370648445,1.2113418939228762,0.42683839505576726
2023-10-04 00:00:00+00:00,0.0491484710311898,1.187035185756502,0.4270791580123652
2023-10-05 00:00:00+00:00,0.09395909350954446,1.2650535070825333,0.4979680975809504
2023-10-06 00:00:00+00:00,0.06345409104879862,1.2218252134091436,0.4678516501218821
2023-10-07 00:00:00+00:00,0.09006648250940108,1.2470455172236181,0.49367948725796884
2023-10-08 00:00:00+00:00,0.08593658321240571,1.2288887973478575,0.48373998677151486
2023-10-09 00:00:00+00:00,0.11856612439153258,1.2529981747089174,0.5447399897476788
2023-10-10 00:00:00+00:00,0.10085574690228505,1.2137916883898283,0.5121361545772916
2023-10-11 00:00:00+00:00,0.11244082122942833,1.2446594521705996,0.5230938112287553
2023-10-12 00:00:00+00:00,0.1529967004198396,1.3371025683090534,0.5844921765901756
2023-10-13 00:00:00+00:00,0.16823673938245154,1.3529975429975432,0.5954540768992886
2023-10-14 00:00:00+00:00,0.1515612707659555,1.3413114915270397,0.5877847376747654
2023-10-15 00:00:00+00:00,0.19895468795474547,1.4336607848155807,0.6881760465280498
2023-10-16 00:00:00+00:00,0.14249462477415165,1.35341418726084,0.6302222055495115
2023-10-17 00:00:00+00:00,0.15964282468775193,1.3813292125520893,0.6684238439370993
2023-10-18 00:00:00+00:00,0.14662421120978197,1.3807125706214687,0.6667093076804995
2023-10-19 00:00:00+00:00,0.12760888562271422,1.3831124574288731,0.6865955558960022
2023-10-20 00:00:00+00:00,0.10334205520804018,1.3046920291320512,0.6511107370206184
2023-10-21 00:00:00+00:00,0.08446674504705731,1.3080057372499985,0.6863174825346543
2023-10-22 00:00:00+00:00,0.06452597625831014,1.2464812822956168,0.6028731141431747
2023-10-23 00:00:00+00:00,-0.00441678086591446,1.0388878254877008,0.48562414328277037
2023-10-24 00:00:00+00:00,0.0020404324402913954,0.9653091010069057,0.41436318614214174
2023-10-25 00:00:00+00:00,-0.02453496979195602,0.9769880899407322,0.4189183896147497
2023-10-26 00:00:00+00:00,-0.0712472995023129,0.9530040413848111,0.35335869312069534
2023-10-27 00:00:00+00:00,-0.05282419661370641,0.9796034582771993,0.39513881083511304
2023-10-28 00:00:00+00:00,-0.05045467707189566,0.9958833367565505,0.41189055286566845
2023-10-29 00:00:00+00:00,-0.05163962963297053,1.026369486782238,0.4302394242231804
2023-10-30 00:00:00+00:00,-0.05328850109745753,1.1098474157738143,0.45867421394772934
2023-10-31 00:00:00+00:00,-0.052982104338807345,1.0884878854565145,0.4653848909168057
2023-11-01 00:00:00+00:00,-0.09975725556992665,0.984448679796383,0.36362947281793634
2023-11-02 00:00:00+00:00,-0.0961583386303908,0.9889195082421836,0.39465237672145714
2023-11-03 00:00:00+00:00,-0.1112858774453559,0.9983057184450865,0.36095181452602976
2023-11-04 00:00:00+00:00,-0.13104088720872054,0.9615496175781979,0.3245362535973355
2023-11-05 00:00:00+00:00,-0.16153482804393404,0.9379139309285878,0.267747170549397
2023-11-06 00:00:00+00:00,-0.16383693954769085,0.9794507746798573,0.2743891212288594
2023-11-07 00:00:00+00:00,-0.06794133225248666,1.1348550472441121,0.4437560667702769
2023-11-08 00:00:00+00:00,-0.08184719957281461,1.1293610167322017,0.5335201152469122
2023-11-09 00:00:00+00:00,-0.04397812856495609,1.0846732345006647,0.3961825655723794
2023-11-10 00:00:00+00:00,-0.04753023629043962,1.0556061491146638,0.5046348882428817
2023-11-11 00:00:00+00:00,-0.04669886697611403,1.1645572313493129,0.5503879367027571
2023-11-12 00:00:00+00:00,0.05864243888389353,1.3917461437783651,0.6489572940509027
2023-11-13 00:00:00+00:00,0.09917873181454406,1.412093871776075,0.5795291310593333
2023-11-14 00:00:00+00:00,0.14831199454785549,1.542114624011179,0.6101728310236991
2023-11-15 00:00:00+00:00,0.11154776408804601,1.3066492860199377,0.48596051455442857
2023-11-16 00:00:00+00:00,0.26467586993944603,1.5172354674643032,0.5751132905488412
2023-11-17 00:00:00+00:00,0.25148060570879593,1.4741114854678221,0.5977346212298935
2023-11-18 00:00:00+00:00,0.29122432306648793,1.4572233722834933,0.567308672169571
2023-11-19 00:00:00+00:00,0.26584051778007156,1.4214244914194003,0.5947540853206859
2023-11-20 00:00:00+00:00,0.27639754874131106,1.4649879114887052,0.5372711981794795
2023-11-21 00:00:00+00:00,0.322535228211946,1.6380024425285344,0.5881811268436272
2023-11-22 00:00:00+00:00,0.3274857207618094,1.6282139223499361,0.6264994838140567
2023-11-23 00:00:00+00:00,0.30195874936316947,1.6516666899052619,0.6137038114634858
2023-11-24 00:00:00+00:00,0.344847154090431,1.5898476330933402,0.6310288152861343
2023-11-25 00:00:00+00:00,0.3221544385783899,1.5912732622264243,0.6135644643294336
2023-11-26 00:00:00+00:00,0.2628221543698399,1.4837488180096736,0.6556467684609155
2023-11-27 00:00:00+00:00,0.2886777244405987,1.4693472814806663,0.6398175092478422
2023-11-28 00:00:00+00:00,0.3104393459967869,1.534795724991254,0.7837061919595343
2023-11-29 00:00:00+00:00,0.3318469008259939,1.5266117971271158,0.7639847989708253
2023-11-30 00:00:00+00:00,0.4101131450041191,1.583503958757246,0.7506237938361371
2023-12-01 00:00:00+00:00,0.4254546181043628,1.4922882480252064,0.7744006439125353
2023-12-02 00:00:00+00:00,0.46753145376132466,1.4634808056202289,0.7127276254885115
2023-12-03 00:00:00+00:00,0.6706582474978144,1.3976782898940412,0.6614241090768145
2023-12-04 00:00:00+00:00,0.6416544027247697,1.2826191740630755,0.6111965480504777
2023-12-05 00:00:00+00:00,0.5126147512905417,1.2368934312187059,0.673461734682754
2023-12-06 00:00:00+00:00,0.48729876626903357,1.215257563006296,0.6953464415281947
2023-12-07 00:00:00+00:00,0.6094342722968882,1.3049133943134241,0.6975077789050528
2023-12-08 00:00:00+00:00,0.513402691164442,1.2601257069402343,0.6942324650657985
2023-12-09 00:00:00+00:00,0.4912044507199873,1.3130007594890376,0.7108169656781274
2023-12-10 00:00:00+00:00,0.23353477954590707,1.2214560062444177,0.5779696393880267
2023-12-11 00:00:00+00:00,0.32074812033104694,1.341455492153374,0.6305862155748905
2023-12-12 00:00:00+00:00,0.3436041929583087,1.4371939047136113,0.7389968504079947
2023-12-13 00:00:00+00:00,0.27186825129592185,1.332786396146589,0.7174049624805325
2023-12-14 00:00:00+00:00,0.2927041028743955,1.3574830796894446,0.6873693485133805
2023-12-15 00:00:00+00:00,0.3001642997546399,1.4181992021993164,0.7429813105156495
2023-12-16 00:00:00+00:00,0.2942219371205983,1.4708812118256223,0.7762050462996195
2023-12-17 00:00:00+00:00,0.3174055632721098,1.5633729832155678,0.8147979531258536
2023-12-18 00:00:00+00:00,0.24817230903139698,1.488026574272466,0.7540584744731758
2023-12-19 00:00:00+00:00,0.18828460579935458,1.370234499535079,0.6652662414883996
2023-12-20 00:00:00+00:00,0.07021152257117191,1.2318353117422385,0.5516558667132874
2023-12-21 00:00:00+00:00,0.0926532886499718,1.2298546799264964,0.5503636793906082
2023-12-22 00:00:00+00:00,0.06928833037070947,1.2127385542190598,0.4363788104313111
2023-12-23 00:00:00+00:00,0.003210475908524968,1.1780678575155092,0.4218135343557752
2023-12-24 00:00:00+00:00,0.08358119910743267,1.2069820778525986,0.5116848126145623
2023-12-25 00:00:00+00:00,0.07843223166483626,1.264165725593347,0.5379311862988971
2023-12-26 00:00:00+00:00,0.09244615206308371,1.339028528829119,0.5675428530445383
2023-12-27 00:00:00+00:00,0.01966841351914561,1.2057134830878553,0.40225366325393663
2023-12-28 00:00:00+00:00,0.03814078169941637,1.215476969139944,0.42205490262995116
2023-12-29 00:00:00+00:00,0.016345550102774498,1.2654364055392655,0.48051496172581776
2023-12-30 00:00:00+00:00,-0.024302895857171714,1.2244323008769755,0.4646372966557286
2023-12-31 00:00:00+00:00,-0.032901617223539126,1.1945173516528165,0.47328287763983057
2024-01-01 00:00:00+00:00,-0.08875525123073102,1.118084045672715,0.41910001530586216
2024-01-02 00:00:00+00:00,0.020546279318638616,1.104522646829337,0.42670697224179954
2024-01-03 00:00:00+00:00,0.024185529771795,1.2636076408038885,0.5638497185163733
2024-01-04 00:00:00+00:00,0.06924015900911762,1.2235953351105633,0.5918989374137118
2024-01-05 00:00:00+00:00,0.09486983247968972,1.22494631908268,0.6118266204744398
2024-01-06 00:00:00+00:00,0.1452066878105942,1.237147336991725,0.6226447933308934
2024-01-07 00:00:00+00:00,0.15426422580477483,1.32729070669002,0.6599517425790709
2024-01-08 00:00:00+00:00,0.0050493160389659675,1.0650151732528181,0.45093201283877726
2024-01-09 00:00:00+00:00,0.019973256465742217,1.0616050748210801,0.4193167227604093
2024-01-10 00:00:00+00:00,-0.12027277570590367,0.9838065297308978,0.24563725148778426
2024-01-11 00:00:00+00:00,-0.08400664400657831,1.044191349174219,0.2479096718499929
2024-01-12 00:00:00+00:00,-0.015286348472713374,1.2111723585661784,0.3013985903097671
2024-01-13 00:00:00+00:00,-0.0749251355532562,1.2065226396850823,0.2672844127081402
2024-01-14 00:00:00+00:00,-0.05058653053161677,1.2652953883498057,0.2687727215745268
2024-01-15 00:00:00+00:00,-0.09777853581534623,1.2714269920091459,0.2842008456154599
2024-01-16 00:00:00+00:00,-0.0008398019049866701,1.3296737559387966,0.33397232743294425
2024-01-17 00:00:00+00:00,0.020092670960860426,1.3374571314355448,0.3074314577166142
2024-01-18 00:00:00+00:00,0.1476427182691522,1.518358961950275,0.4058669019471348
2024-01-19 00:00:00+00:00,0.13146752190806166,1.5098095178884385,0.3273314606741573
2024-01-20 00:00:00+00:00,0.049857504218041804,1.4302444548690958,0.300609625365593
2024-01-21 00:00:00+00:00,0.11232793391584028,1.459336181314578,0.33656213752263886
2024-01-22 00:00:00+00:00,0.1907997716007659,1.6825658701142996,0.4378791807103968
2024-01-23 00:00:00+00:00,0.14941179586049969,1.5993207611485403,0.4459109961651655
2024-01-24 00:00:00+00:00,0.12316844071776312,1.5922577290988524,0.4935928984975526
2024-01-25 00:00:00+00:00,0.1380432021754463,1.6243153027107122,0.4919455161720696
2024-01-26 00:00:00+00:00,0.07165448739632785,1.5044968726919383,0.46350896069992253
2024-01-27 00:00:00+00:00,0.06568452671816472,1.4363358287850874,0.42535075883841733
2024-01-28 00:00:00+00:00,0.07574756864261589,1.4287474548583834,0.41009349107182413
2024-01-29 00:00:00+00:00,-0.015119967567269077,1.3401663175737313,0.3279772178115292
2024-01-30 00:00:00+00:00,0.018280747899693583,1.4157098909902168,0.3290169482844716
2024-01-31 00:00:00+00:00,0.07496237698451491,1.4594396430248944,0.42233502982734317
2024-02-01 00:00:00+00:00,0.023325336183657397,1.3774969860459847,0.43254725988161136
2024-02-02 00:00:00+00:00,-0.027438991469206364,1.3295289351851851,0.3501338206889384
2024-02-03 00:00:00+00:00,-0.09530435064948473,1.2715209030973176,0.24959394554298076
2024-02-04 00:00:00+00:00,-0.09087427575056661,1.379560048545331,0.2577135894558016
2024-02-05 00:00:00+00:00,-0.1582637087415787,1.2890682694626623,0.18652984799051198
2024-02-06 00:00:00+00:00,-0.15829793693516603,1.2416423137918673,0.17516774563355586
2024-02-07 00:00:00+00:00,-0.17423114105000426,1.1771188466186846,0.10784709908869727
2024-02-08 00:00:00+00:00,-0.1656475776039581,1.1309268437014572,0.08371391374429127
2024-02-09 00:00:00+00:00,-0.22037765976014678,1.0462353475087505,0.05867543916092921
2024-02-10 00:00:00+00:00,-0.22177983387989975,1.0201161900178617,0.050771125971906805
2024-02-11 00:00:00+00:00,-0.2161853885869216,1.0172016598761204,0.06141487948755797
2024-02-12 00:00:00+00:00,-0.2302681343514602,0.9187387451276883,-0.021579028492588193
2024-02-13 00:00:00+00:00,-0.20024300333507972,0.9692313357112203,0.03722741374020355
2024-02-14 00:00:00+00:00,-0.24219076420525165,0.8651959246393053,-0.03565649539968507
2024-02-15 00:00:00+00:00,-0.22639161357382953,0.8793461835003855,-0.03423805795386514
2024-02-16 00:00:00+00:00,-0.20141878093258325,0.8718719609792858,-0.03881790277678643
2024-02-17 00:00:00+00:00,-0.19711798515128787,0.8612162352660513,-0.044696026102594155
2024-02-18 00:00:00+00:00,-0.22596877517769853,0.8370594619974387,-0.04760169373871981
2024-02-19 00:00:00+00:00,-0.21735822735387345,0.8478462369576818,-0.09264126596033695
2024-02-20 00:00:00+00:00,-0.20418058411596984,0.8493408385417045,-0.0992798882848338
2024-02-21 00:00:00+00:00,-0.16668185469868435,0.895972160906811,-0.07744870110178914
2024-02-22 00:00:00+00:00,-0.20464035009516712,0.875315714541411,-0.10378945951403384
2024-02-23 00:00:00+00:00,-0.18081598364793472,0.9027022819379178,-0.05441715943933423
2024-02-24 00:00:00+00:00,-0.17736350984494564,0.8666147483857305,-0.05778548562797814
2024-02-25 00:00:00+00:00,-0.2505877710995269,0.7698611123193344,-0.19246672385376817
2024-02-26 00:00:00+00:00,-0.2941507721682525,0.627866122749877,-0.21418540652531226
2024-02-27 00:00:00+00:00,-0.31966913516092965,0.47710412161576965,-0.27942301286717086
2024-02-28 00:00:00+00:00,-0.3394417777089139,0.3568113198178502,-0.3178682273654341
2024-02-29 00:00:00+00:00,-0.31337562533727736,0.37982312732431245,-0.3300809259630728
2024-03-01 00:00:00+00:00,-0.32607363497085984,0.3795067633307099,-0.35417643580908886
2024-03-02 00:00:00+00:00,-0.2425980508801494,0.5207958794126795,-0.2640118080317998
2024-03-03 00:00:00+00:00,-0.3435031417550686,0.36610975351415864,-0.3838511845542044
2024-03-04 00:00:00+00:00,-0.3205891800439321,0.2789372401576595,-0.40141850618563524
2024-03-05 00:00:00+00:00,-0.25776337866288834,0.42185041399623135,-0.3692147510306305
2024-03-06 00:00:00+00:00,-0.3930287099127848,0.36107751243907615,-0.4232949858455609
2024-03-07 00:00:00+00:00,-0.4350387911851844,0.29897683692647337,-0.44643761825494477
2024-03-08 00:00:00+00:00,-0.45411308731376687,0.26566569085078284,-0.43255840303242554
2024-03-09 00:00:00+00:00,-0.5678144147092075,0.18182558088640755,-0.4826372973540475
2024-03-10 00:00:00+00:00,-0.5359295618417403,0.13979924554657264,-0.5191144961801948
2024-03-11 00:00:00+00:00,-0.5136623050673735,0.15059900302588436,-0.5268082070458571
2024-03-12 00:00:00+00:00,-0.4981186862644633,0.17113738297914916,-0.5205479452054794
2024-03-13 00:00:00+00:00,-0.5110151481272974,0.11007396635748012,-0.5344100439723432
2024-03-14 00:00:00+00:00,-0.5306565868785018,0.17641752349873796,-0.5075224772651157
2024-03-15 00:00:00+00:00,-0.4658860784037915,0.21350535288925077,-0.48234322682707187
2024-03-16 00:00:00+00:00,-0.41161762881281294,0.2645288414522189,-0.4643906343579074
2024-03-17 00:00:00+00:00,-0.4171261215321651,0.22833389966412,-0.4714778404866231
2024-03-18 00:00:00+00:00,-0.3411793652951579,0.2234143208718118,-0.45133874550484876
2024-03-19 00:00:00+00:00,-0.2991629393498406,0.40215669369395557,-0.3490679532963554
2024-03-20 00:00:00+00:00,-0.4273295591414257,0.24149110907332516,-0.43586717588076884
2024-03-21 00:00:00+00:00,-0.3879642181731725,0.283773429125878,-0.43720743805202056
2024-03-22 00:00:00+00:00,-0.36838215778590955,0.31418504172006556,-0.40633027110465025
2024-03-23 00:00:00+00:00,-0.37006878672561194,0.34524904746850327,-0.3975155652599617
2024-03-24 00:00:00+00:00,-0.3892680054175509,0.3018624165842012,-0.3976231410890947
2024-03-25 00:00:00+00:00,-0.4050787596778884,0.2506133012860188,-0.42453807632533236
2024-03-26 00:00:00+00:00,-0.4432585838721733,0.2417724467051494,-0.4398285075529711
2024-03-27 00:00:00+00:00,-0.4244145355308728,0.25567903493292565,-0.42772028938732254
2024-03-28 00:00:00+00:00,-0.4811619877593537,0.19276157591204357,-0.4672362511901451
2024-03-29 00:00:00+00:00,-0.4806804001407172,0.18321977181565097,-0.47914090502430373
2024-03-30 00:00:00+00:00,-0.4911588193672438,0.184067386218713,-0.4843338163644869
2024-03-31 00:00:00+00:00,-0.49738492325609873,0.15810884426082428,-0.5000589802183091
2024-04-01 00:00:00+00:00,-0.45658667690295485,0.22266453026426491,-0.45631029168331527
2024-04-02 00:00:00+00:00,-0.43569493802193227,0.26048366437792736,-0.45250323273232973
2024-04-03 00:00:00+00:00,-0.41281975969244566,0.2615062501440195,-0.4511255485784531
2024-04-04 00:00:00+00:00,-0.42112482954895825,0.2248879690817882,-0.45396706136923726
2024-04-05 00:00:00+00:00,-0.4042538403339824,0.23174913470269098,-0.4556685805566858
2024-04-06 00:00:00+00:00,-0.4632837632742295,0.13838248954946586,-0.5283551985773917
2024-04-07 00:00:00+00:00,-0.4678853034036262,0.14133210611993396,-0.5503908285565399
2024-04-08 00:00:00+00:00,-0.4933647237663241,0.06565791678302157,-0.6012001266710154
2024-04-09 00:00:00+00:00,-0.41296502047898065,0.1947939143262083,-0.5238664267237814
2024-04-10 00:00:00+00:00,-0.42059883765583883,0.12708597971318003,-0.5706698931645626
2024-04-11 00:00:00+00:00,-0.38045240459307883,0.19166308484259198,-0.5526506629512465
2024-04-12 00:00:00+00:00,-0.24365645772168698,0.27057988107845854,-0.4921341928628572
2024-04-13 00:00:00+00:00,-0.1616303522978062,0.31029553452971315,-0.46865490969434753
2024-04-14 00:00:00+00:00,-0.2516320732413634,0.2882913424296365,-0.4853523331991595
2024-04-15 00:00:00+00:00,-0.2207448596114555,0.31888999036423704,-0.48781910966830966
2024-04-16 00:00:00+00:00,-0.22665449810250737,0.31722706694220215,-0.4886421850581346
2024-04-17 00:00:00+00:00,-0.18139365246182515,0.38628518162577796,-0.46954689640618874
2024-04-18 00:00:00+00:00,-0.19283259837545907,0.33093719119307874,-0.4815950920245399
2024-04-19 00:00:00+00:00,-0.17727763898468363,0.333119130477431,-0.4721769628917113
2024-04-20 00:00:00+00:00,-0.2801367527884354,0.31164869305930254,-0.49700075100054186
2024-04-21 00:00:00+00:00,-0.28575729778545045,0.3476236561871786,-0.4981780173906414
2024-04-22 00:00:00+00:00,-0.2639007799799138,0.3984426959148941,-0.45120304980938686
2024-04-23 00:00:00+00:00,-0.295558618030313,0.41071280151775236,-0.4424313394171694
2024-04-24 00:00:00+00:00,-0.2393190914525919,0.46183029009828824,-0.43656074885379526
2024-04-25 00:00:00+00:00,-0.26254852740148293,0.4673041197649428,-0.43450155269662216
2024-04-26 00:00:00+00:00,-0.23188277894094866,0.48389501585463135,-0.41849072270303067
2024-04-27 00:00:00+00:00,-0.2374971285841876,0.47725141888103706,-0.4497751538905749
2024-04-28 00:00:00+00:00,-0.2151597044148561,0.5052797415406103,-0.44847324150821977
2024-04-29 00:00:00+00:00,-0.23030844984260468,0.47585287946638277,-0.44110634091142253
2024-04-30 00:00:00+00:00,-0.15118527918165847,0.5521492616033756,-0.4049169721802891
2024-05-01 00:00:00+00:00,-0.15503340528919807,0.6532161328961532,-0.38161993769470404
2024-05-02 00:00:00+00:00,-0.16103255618675738,0.6404696802149521,-0.38309350711106793
2024-05-03 00:00:00+00:00,-0.2480730110605165,0.5243854323358939,-0.40903948611008156
2024-05-04 00:00:00+00:00,-0.29003224655659476,0.47557692632759885,-0.4197219967727759
2024-05-05 00:00:00+00:00,-0.2987020486215969,0.479936261950884,-0.41965814418395553
2024-05-06 00:00:00+00:00,-0.2895828991800662,0.5330282391298118,-0.40671325017958593
2024-05-07 00:00:00+00:00,-0.2659651539730087,0.5571699741045395,-0.39743952303797137
2024-05-08 00:00:00+00:00,-0.14945562981991167,0.6874732302028517,-0.257823085794211
2024-05-09 00:00:00+00:00,-0.19903841771024244,0.6325581646069436,-0.22764744436356932
2024-05-10 00:00:00+00:00,-0.12335134965505734,0.7238412374738878,-0.11228904566682352
2024-05-11 00:00:00+00:00,-0.10047646442132352,0.7117353946890137,-0.1366135040944908
2024-05-12 00:00:00+00:00,-0.11020693301017781,0.6718387990109296,-0.14809732051111368
2024-05-13 00:00:00+00:00,-0.11749553580700767,0.65401315028516,-0.09192847146211947
2024-05-14 00:00:00+00:00,-0.13227631898527947,0.680936004374326,-0.09444712397594668
2024-05-15 00:00:00+00:00,-0.238839901753661,0.5672737571084412,-0.1595554896044583
2024-05-16 00:00:00+00:00,-0.22776012609570284,0.5860131361576055,-0.13841138316297075
2024-05-17 00:00:00+00:00,-0.27540380998452085,0.5386525722129385,-0.19952393426929416
2024-05-18 00:00:00+00:00,-0.2036605692253094,0.5908830878485007,-0.20018316073955944
2024-05-19 00:00:00+00:00,-0.2089069541251689,0.5929885636918608,-0.1768207111901251
2024-05-20 00:00:00+00:00,-0.2915461054272508,0.4955219715082395,-0.3106658510341965
2024-05-21 00:00:00+00:00,-0.28266149439405175,0.5630304295155097,-0.3268445218492717
2024-05-22 00:00:00+00:00,-0.23693719917934586,0.6148860534170966,-0.28704855620924996
2024-05-23 00:00:00+00:00,-0.29814236916456716,0.5789150010335498,-0.33225147412127576
2024-05-24 00:00:00+00:00,-0.28304042907382165,0.572019339463069,-0.32129561084467906
2024-05-25 00:00:00+00:00,-0.3011248578766408,0.5731461005444174,-0.31954038930348927
2024-05-26 00:00:00+00:00,-0.30039047873222224,0.5974093119792279,-0.33000912067780486
2024-05-27 00:00:00+00:00,-0.35102760637676167,0.5688907105391221,-0.3167283820636738
2024-05-28 00:00:00+00:00,-0.346294679016275,0.5757941086040184,-0.3025185385557744
2024-05-29 00:00:00+00:00,-0.3471022042968006,0.5607682622439818,-0.3015424307817265
2024-05-30 00:00:00+00:00,-0.42534654669674987,0.5213193670369207,-0.3245995768308203
2024-05-31 00:00:00+00:00,-0.4493916074288624,0.5485914201078741,-0.3280528614221657
2024-06-01 00:00:00+00:00,-0.4648945826715859,0.5589175238335555,-0.3345571856114806
2024-06-02 00:00:00+00:00,-0.4569790256850539,0.5621191745727148,-0.31037501553858726
2024-06-03 00:00:00+00:00,-0.4565992986997457,0.5314204787392514,-0.3115692343631372
2024-06-04 00:00:00+00:00,-0.4870225554214356,0.4842651830563567,-0.3156108686352268
2024-06-05 00:00:00+00:00,-0.5235781819840339,0.4275282668616751,-0.37557779507965605
2024-06-06 00:00:00+00:00,-0.5026070780779621,0.47302012201856924,-0.3506946447583035
2024-06-07 00:00:00+00:00,-0.44711814976875563,0.5218980154450397,-0.3136459035646708
2024-06-08 00:00:00+00:00,-0.46619183993631175,0.5255128879537085,-0.3182718242488939
2024-06-09 00:00:00+00:00,-0.439557891653645,0.583143785318603,-0.276891323116771
2024-06-10 00:00:00+00:00,-0.40120056770652446,0.5857691975841242,-0.23213871886800164
2024-06-11 00:00:00+00:00,-0.3868422228040733,0.6139990587429938,-0.20750686952618136
2024-06-12 00:00:00+00:00,-0.41601007725655537,0.5479864273975195,-0.25770760536161696
2024-06-13 00:00:00+00:00,-0.3925298446713371,0.5884650100392359,-0.25658903556810975
2024-06-14 00:00:00+00:00,-0.4010335023064341,0.5961276718744581,-0.27314607386983747
2024-06-15 00:00:00+00:00,-0.40044485163984356,0.5943952920392732,-0.28613180001905425
2024-06-16 00:00:00+00:00,-0.4064733082563815,0.6016728139758212,-0.29804575089462837
2024-06-17 00:00:00+00:00,-0.33912231582635133,0.5720956815894542,-0.2852118492023261
2024-06-18 00:00:00+00:00,-0.3064639515503166,0.6093021100625207,-0.275137652077556
2024-06-19 00:00:00+00:00,-0.30163262463704443,0.6107672917798201,-0.29192166290784194
2024-06-20 00:00:00+00:00,-0.3064169870232073,0.5923848608578484,-0.31499140355471555
2024-06-21 00:00:00+00:00,-0.31094749780448405,0.5920539801657407,-0.34752593434702284
2024-06-22 00:00:00+00:00,-0.3214111001476586,0.5711284163069283,-0.36274047057140824
2024-06-23 00:00:00+00:00,-0.29057524967175263,0.6664121711102402,-0.2950238386861975
2024-06-24 00:00:00+00:00,-0.3113349097595002,0.7594492257016947,-0.26971453114327737
2024-06-25 00:00:00+00:00,-0.3564438307294272,0.7367336930502388,-0.28761292641042036
2024-06-26 00:00:00+00:00,-0.33093326547975643,0.7571194869168631,-0.28340412405381676
2024-06-27 00:00:00+00:00,-0.34068407515289945,0.7347871301015922,-0.2977214500179687
2024-06-28 00:00:00+00:00,-0.3056843031943356,0.7756184897557152,-0.2794343446296762
2024-06-29 00:00:00+00:00,-0.30074251257875073,0.776731082918434,-0.2600657038001657
2024-06-30 00:00:00+00:00,-0.328331758253846,0.7069152318047487,-0.27709297996602833
2024-07-01 00:00:00+00:00,-0.32074714315421093,0.6801455771296625,-0.3013160188251699
2024-07-02 00:00:00+00:00,-0.3167999944258223,0.7518110026366582,-0.24871468864629465
2024-07-03 00:00:00+00:00,-0.24446858719160725,0.820085775150319,-0.21369572869506115
2024-07-04 00:00:00+00:00,-0.1042921040706335,0.8927996682209172,-0.18029872209693754
2024-07-05 00:00:00+00:00,-0.06197841735880494,0.9106556929787832,-0.15607120578983036
2024-07-06 00:00:00+00:00,-0.14649652642937006,0.8753837575152246,-0.16188702992992765
2024-07-07 00:00:00+00:00,-0.049348023644769756,0.938188052843461,-0.13262026612077793
2024-07-08 00:00:00+00:00,-0.10127349201539138,0.9205450023292052,-0.13373920589862243
2024-07-09 00:00:00+00:00,-0.11944566046994898,0.9161755383290269,-0.09714509317985431
2024-07-10 00:00:00+00:00,-0.13513759910137346,1.009671576945164,-0.048293320004514695
2024-07-11 00:00:00+00:00,-0.07930640095751118,1.0496666456806945,-0.04560309978480892
2024-07-12 00:00:00+00:00,-0.09788414452203209,1.0283611249786229,-0.06081917622882815
2024-07-13 00:00:00+00:00,-0.08744220803563485,1.0114620595020405,-0.06420166691331342
2024-07-14 00:00:00+00:00,-0.14616667096344393,0.9711397974042197,-0.07132643879349665
2024-07-15 00:00:00+00:00,-0.24558017062345372,0.8193843904299076,-0.09918498933510178
2024-07-16 00:00:00+00:00,-0.2784872858170818,0.8238492134323248,-0.0211316065305317
2024-07-17 00:00:00+00:00,-0.242255792018364,0.8595927255637132,0.026518651924240855
2024-07-18 00:00:00+00:00,-0.2273205105239572,0.8429234768062472,0.03514373267182269
2024-07-19 00:00:00+00:00,-0.2819717932075002,0.7677767776777678,0.02525452900360503
2024-07-20 00:00:00+00:00,-0.2696294176325086,0.7465771501800118,0.06800000000000006
2024-07-21 00:00:00+00:00,-0.2809058621466797,0.7219947850329802,0.06403142605036316
2024-07-22 00:00:00+00:00,-0.2345782152751429,0.776260176470388,0.08914117920688458
2024-07-23 00:00:00+00:00,-0.2421868491498088,0.8010794101735912,0.04186061202982905
2024-07-24 00:00:00+00:00,-0.23911224680179566,0.8101595386686247,0.11125633654194944
2024-07-25 00:00:00+00:00,-0.20468218830151086,0.7874528780037067,0.17303840679204407
2024-07-26 00:00:00+00:00,-0.2340239141920062,0.7364670931947772,0.14245665896091442
2024-07-27 00:00:00+00:00,-0.2322577611197597,0.7587880082183913,0.19177841865675993
2024-07-28 00:00:00+00:00,-0.23222288859807771,0.7298538839921769,0.16171685789074552
2024-07-29 00:00:00+00:00,-0.21601955571677833,0.766134723392442,0.1435138018965174
2024-07-30 00:00:00+00:00,-0.20618279125545758,0.7803876835680184,0.16186520533909077
2024-07-31 00:00:00+00:00,-0.18775433444076683,0.7912372346351426,0.1440418963479897
2024-08-01 00:00:00+00:00,-0.16975800522780682,0.7336030744550985,0.08890553786601729
2024-08-02 00:00:00+00:00,-0.1042804323555433,0.8300716458479442,0.13524506540986958
2024-08-03 00:00:00+00:00,-0.029628273626496004,0.8815911367081515,0.2042608587841468
2024-08-04 00:00:00+00:00,0.043893011639849266,0.978216158594247,0.3838232450203054
2024-08-05 00:00:00+00:00,0.15309976969986838,1.1127779379071847,0.4928148983918763
2024-08-06 00:00:00+00:00,0.06105398044024213,1.0526266372805972,0.49647141992337485
2024-08-07 00:00:00+00:00,0.08515465911854947,1.130657472608633,0.66907546525525
2024-08-08 00:00:00+00:00,-0.03239275859700308,0.89143012862402,0.49468779123951534
2024-08-09 00:00:00+00:00,0.01931069931799234,0.9143014093660886,0.639469289435812
2024-08-10 00:00:00+00:00,0.024660469339464308,0.9580948307147765,0.6286208006375673
2024-08-11 00:00:00+00:00,0.1058341374032139,1.0214744401498894,0.6526778796108603
2024-08-12 00:00:00+00:00,0.07564866575695905,1.0242777013155253,0.6862652903794586
2024-08-13 00:00:00+00:00,0.08541114316332488,1.0351911255109374,0.7574118204289457
2024-08-14 00:00:00+00:00,0.07199022154465684,1.0158189566076534,0.708407071333296
2024-08-15 00:00:00+00:00,0.11208679113178954,1.0392750846091472,0.7274941729023423
2024-08-16 00:00:00+00:00,0.13476223132677134,0.9937402547108602,0.7055343209667029
2024-08-17 00:00:00+00:00,0.12799049457374134,0.9734591160927715,0.7105805676780734
2024-08-18 00:00:00+00:00,0.11470618867072169,0.9892575993948041,0.6511264667036731
2024-08-19 00:00:00+00:00,0.022427774865887873,0.8989870201973469,0.5459155805732145
2024-08-20 00:00:00+00:00,0.08058610250267839,0.93634776950476,0.6853724706742017
2024-08-21 00:00:00+00:00,0.013358779035992363,0.8395569496581123,0.606144348863995
2024-08-22 00:00:00+00:00,0.084084086650426,0.93680104492128,0.8422764289635818
2024-08-23 00:00:00+00:00,-0.021713611169860814,0.8026706022932908,0.7297500796385854
2024-08-24 00:00:00+00:00,-0.0759552555274422,0.7689974953633281,0.7269328034682079
2024-08-25 00:00:00+00:00,-0.13191442672721942,0.7146057303020865,0.5935807845950483
2024-08-26 00:00:00+00:00,-0.08300628792596976,0.7787061145239838,0.7163391767923031
2024-08-27 00:00:00+00:00,-0.05396189839776522,0.8726249263653958,0.8339864812621831
2024-08-28 00:00:00+00:00,0.016548139584031007,0.9067856471341527,0.784264712280438
2024-08-29 00:00:00+00:00,-0.03958710224342632,0.8257952752244351,0.7250208695170537
2024-08-30 00:00:00+00:00,-0.021641108141174814,0.840476767552393,0.7314726840855106
2024-08-31 00:00:00+00:00,-0.023608495633486215,0.8354930707588211,0.7476372955141442
2024-09-01 00:00:00+00:00,0.021622827311194026,0.9063503348756916,0.7786471645532049
2024-09-02 00:00:00+00:00,0.019956324512596657,0.881210942342175,0.7046820146492723
2024-09-03 00:00:00+00:00,0.0832958214820938,0.9431226454758259,0.8350217912084741
2024-09-04 00:00:00+00:00,0.003322184599447553,0.9101112799697779,0.7535938564742464
2024-09-05 00:00:00+00:00,0.05437791493019928,0.969739943040228,0.8184024890134709
2024-09-06 00:00:00+00:00,0.0997897372738572,1.0419181894547318,0.9203138551969909
2024-09-07 00:00:00+00:00,0.10227034512759636,1.0519862498490609,0.8940129663350309
2024-09-08 00:00:00+00:00,0.10621338031145489,1.0423789341889322,0.8745353240760891
2024-09-09 00:00:00+00:00,0.04733953963708837,0.9555133059850636,0.8266963339690614
2024-09-10 00:00:00+00:00,0.05113447617243794,0.9772367924971881,0.8209267663657829
2024-09-11 00:00:00+00:00,0.09173023876514153,1.0140690292650598,0.9050308688128856
2024-09-12 00:00:00+00:00,0.09221679689536533,0.9959537138720767,0.9951900277758956
2024-09-13 00:00:00+00:00,0.08177830563660615,0.9160681344837844,0.9131473972917237
2024-09-14 00:00:00+00:00,0.05547987635073959,0.9213566976030381,0.9044209794895337
2024-09-15 00:00:00+00:00,0.062145011458917265,0.9507155178245283,0.9531712793057294
2024-09-16 00:00:00+00:00,0.06735113205164689,1.006200914934709,0.9607654376916646
2024-09-17 00:00:00+00:00,0.07165668623983623,0.9306895464883023,0.9602570672132544
2024-09-18 00:00:00+00:00,0.07064429160104702,0.8956209351717836,0.9318496683861459
2024-09-19 00:00:00+00:00,0.012426331953976133,0.8369511083673999,0.8126609903415936
2024-09-20 00:00:00+00:00,0.0049284751412130845,0.8304384183490623,0.7492074646677598
2024-09-21 00:00:00+00:00,-0.02792643277824647,0.8190083941393829,0.701489052212525
2024-09-22 00:00:00+00:00,-0.06844517033733011,0.7718337067284735,0.6269197985277024
2024-09-23 00:00:00+00:00,-0.10206033342767062,0.768216256428206,0.5732176790821204
2024-09-24 00:00:00+00:00,-0.11826195009590268,0.7631845534034518,0.5652080506558121
2024-09-25 00:00:00+00:00,-0.13895551263044859,0.7259069030423577,0.501719025562511
2024-09-26 00:00:00+00:00,-0.13526198215798346,0.6823192810506156,0.5318547559891498
2024-09-27 00:00:00+00:00,-0.15738136996112484,0.6669596069329535,0.49136552072237927
2024-09-28 00:00:00+00:00,-0.13771362695052103,0.7031180722159798,0.5483494753682887
2024-09-29 00:00:00+00:00,-0.15051117036260708,0.7425069750149427,0.5860318630955517
2024-09-30 00:00:00+00:00,-0.12583112886676928,0.800935895397251,0.5929222243998415
2024-10-01 00:00:00+00:00,-0.04252539358440399,0.9503900780485015,0.7763084251508503
2024-10-02 00:00:00+00:00,0.016433122856132965,0.9873170794443069,0.8968529250031727
2024-10-03 00:00:00+00:00,0.006677462843921678,1.01195963110123,0.9205336624393563
2024-10-04 00:00:00+00:00,-0.0451989927867561,0.9713139838288825,0.8584871666369838
2024-10-05 00:00:00+00:00,-0.03414801081939067,0.9897887460117953,0.8695468513165414
2024-10-06 00:00:00+00:00,-0.020175136732768828,0.9843794745965091,0.9196526272217964
2024-10-07 00:00:00+00:00,-0.06546080486891104,0.9499381267678066,0.8358367282918715
2024-10-08 00:00:00+00:00,-0.02861971765765381,0.9836716216361874,0.8541269782743182
2024-10-09 00:00:00+00:00,-0.039552050917220694,1.006437757623274,0.8427105173235689
2024-10-10 00:00:00+00:00,-0.19982908497523422,0.8694057443185312,0.6047500722818868
2024-10-11 00:00:00+00:00,-0.23935163821802652,0.7691781259993604,0.5358844025415044
2024-10-12 00:00:00+00:00,-0.20073270683622135,0.8187893533263024,0.6767444677758034
2024-10-13 00:00:00+00:00,-0.15591218431549814,0.8318110921548936,0.7177013337869751
2024-10-14 00:00:00+00:00,-0.2209687571942922,0.7103709990876761,0.5685739165484698
2024-10-15 00:00:00+00:00,-0.22817348294814943,0.6513559473144195,0.5285704971600171
2024-10-16 00:00:00+00:00,-0.24558255164340237,0.6000334812136232,0.49152081498219147
2024-10-17 00:00:00+00:00,-0.2346233454319142,0.5785949288197374,0.47040064471563436
2024-10-18 00:00:00+00:00,-0.23240214306032014,0.5663910972116677,0.47197568665150236
2024-10-19 00:00:00+00:00,-0.21707724099733994,0.5888557723244319,0.503881882033079
2024-10-20 00:00:00+00:00,-0.22642591449975746,0.6011720073548508,0.44861680943314486
2024-10-21 00:00:00+00:00,-0.2297519566679549,0.6073269266446515,0.4523755953050588
2024-10-22 00:00:00+00:00,-0.23863136161051623,0.5953406697713048,0.45093620963775494
2024-10-23 00:00:00+00:00,-0.22049199252869922,0.6511235790735226,0.527681503281695
2024-10-24 00:00:00+00:00,-0.21110190174248333,0.6276787332466449,0.551718970589395
2024-10-25 00:00:00+00:00,-0.17994273276294648,0.6738990316549156,0.6200063918184724
2024-10-26 00:00:00+00:00,-0.16241755682577008,0.707477826221488,0.6751030207330482
2024-10-27 00:00:00+00:00,-0.182208253637812,0.6775183507615952,0.6429340457771751
2024-10-28 00:00:00+00:00,-0.21313123462424988,0.6137061708027804,0.5498465421347001
2024-10-29 00:00:00+00:00,-0.2279809138756086,0.51260248992183,0.479077611035319
2024-10-30 00:00:00+00:00,-0.2678012669843459,0.4973152160060288,0.43092069389550947
2024-10-31 00:00:00+00:00,-0.23534347947581968,0.559323883326142,0.5278228864333896
2024-11-01 00:00:00+00:00,-0.22836071153462967,0.5842362748595209,0.5424190420825885
2024-11-02 00:00:00+00:00,-0.22187209345179226,0.5933851427767511,0.5662468978402151
2024-11-03 00:00:00+00:00,-0.27710260571416656,0.5497129158009937,0.46632461661777325
2024-11-04 00:00:00+00:00,-0.2840852762807451,0.49590574857689784,0.3706264255423837
2024-11-05 00:00:00+00:00,-0.28510202653990724,0.4975082890058975,0.41350642917586833
2024-11-06 00:00:00+00:00,-0.3610731724922026,0.3410529483211966,0.21796412025555956
2024-11-07 00:00:00+00:00,-0.3177967377635347,0.36227200624747136,0.18669853253530522
2024-11-08 00:00:00+00:00,-0.32509373514609763,0.3372530936567848,0.14847978391153882
2024-11-09 00:00:00+00:00,-0.33317171295352155,0.3657593770059675,0.14626336682436558
2024-11-10 00:00:00+00:00,-0.33026226689739946,0.3190384074855783,0.12083400089846408
2024-11-11 00:00:00+00:00,-0.4156557218847198,0.16256431758915224,0.013693835845995483
2024-11-12 00:00:00+00:00,-0.42223742532089936,0.15579359698544692,0.052752944077933295
2024-11-13 00:00:00+00:00,-0.4432939105379953,0.10309044959236613,0.013924622547973886
2024-11-14 00:00:00+00:00,-0.4630263029760455,0.0832334485229358,0.01751655867295221
2024-11-15 00:00:00+00:00,-0.5053602071703418,0.050138044757193745,0.02520056569396223
2024-11-16 00:00:00+00:00,-0.5098108874962798,0.04056347207742572,-0.011995390807789663
2024-11-17 00:00:00+00:00,-0.531108130544392,0.026254788356346648,-0.01448634590377107
2024-11-18 00:00:00+00:00,-0.5175785160565083,0.02759935214065079,-0.026229814826360887
2024-11-19 00:00:00+00:00,-0.5215235331930774,-0.008187883561607379,-0.026375408696547642
2024-11-20 00:00:00+00:00,-0.523207808298402,-0.08112852987742902,-0.07679228135779825
2024-11-21 00:00:00+00:00,-0.5664106848799848,-0.13413421792664393,-0.1758025633155632
2024-11-22 00:00:00+00:00,-0.5567318563775594,-0.14310823929134808,-0.16757718358785745
2024-11-23 00:00:00+00:00,-0.5668147930935339,-0.11100781797109516,-0.1743564207654299
2024-11-24 00:00:00+00:00,-0.5567784895542898,-0.09805951049662487,-0.1213316672616922
2024-11-25 00:00:00+00:00,-0.5229654615362186,-0.06063917206330793,-0.13329369832683646
2024-11-26 00:00:00+00:00,-0.5215053882896715,-0.0161054468888,-0.08968247045624755
2024-11-27 00:00:00+00:00,-0.535166005797815,-0.047246120014257875,-0.17465127228134725
2024-11-28 00:00:00+00:00,-0.546716039551773,-0.04969763909866565,-0.15302378736947397
2024-11-29 00:00:00+00:00,-0.5748951809513809,-0.06831069156577052,-0.16787715640232614
2024-11-30 00:00:00+00:00,-0.5913912795486762,-0.06273328590296312,-0.19233718544119227
2024-12-01 00:00:00+00:00,-0.6287716536138039,-0.11214847778231207,-0.24504734856147214
2024-12-02 00:00:00+00:00,-0.6570529535943204,-0.04760758016799127,-0.17767646881226973
2024-12-03 00:00:00+00:00,-0.6433940838125218,-0.02524515207091438,-0.11789979831291109
2024-12-04 00:00:00+00:00,-0.6195782860643912,-0.06602532658358107,-0.18357913387878466
2024-12-05 00:00:00+00:00,-0.6268730416433798,-0.0785552685562001,-0.20168551199408213
2024-12-06 00:00:00+00:00,-0.6576101332016515,-0.1053134302859291,-0.24027037638132775
2024-12-07 00:00:00+00:00,-0.6564668916786585,-0.09452561248153024,-0.2343139266606944
2024-12-08 00:00:00+00:00,-0.6513488820438806,-0.10360293222433203,-0.21976948915500172
2024-12-09 00:00:00+00:00,-0.5864451749194306,-0.0472639477974478,-0.1061314655172414
2024-12-10 00:00:00+00:00,-0.612897370756374,-0.0473909082438686,-0.08381726727761318
2024-12-11 00:00:00+00:00,-0.6303702086977099,-0.08515817058096409,-0.15512773336882568
2024-12-12 00:00:00+00:00,-0.638282656819378,-0.0973545234909422,-0.20526276467754356
2024-12-13 00:00:00+00:00,-0.6397642092662637,-0.11027185313177079,-0.20276441077096352
2024-12-14 00:00:00+00:00,-0.634275836357314,-0.13062344705186357,-0.20845724738973048
2024-12-15 00:00:00+00:00,-0.6448332241183528,-0.1726136441849484,-0.25112841587334467
2024-12-16 00:00:00+00:00,-0.6414782081691917,-0.17155826784913186,-0.2568686280805972
2024-12-17 00:00:00+00:00,-0.6512711288219135,-0.18740996030103152,-0.2721595885959708
2024-12-18 00:00:00+00:00,-0.6310817330391216,-0.14657696832691613,-0.2200920922024926
2024-12-19 00:00:00+00:00,-0.6051364793090366,-0.09567763225532533,-0.1280388409750045
2024-12-20 00:00:00+00:00,-0.6174394528830074,-0.0965645673696679,-0.14235314108305663
2024-12-21 00:00:00+00:00,-0.5988921008933559,-0.08873423187253138,-0.10090089010817871
2024-12-22 00:00:00+00:00,-0.5997543955305658,-0.06897507382104595,-0.08298418869959756
2024-12-23 00:00:00+00:00,-0.6269379206197028,-0.07794430250711759,-0.13367596485640743
2024-12-24 00:00:00+00:00,-0.6430284697326474,-0.11143047921026183,-0.15622155170933072
2024-12-25 00:00:00+00:00,-0.643815479215613,-0.12274342851625675,-0.1695882184729769
2024-12-26 00:00:00+00:00,-0.6128268516146418,-0.08792044396377141,-0.12205514160207509
2024-12-27 00:00:00+00:00,-0.5986021677126413,-0.06810271537257595,-0.11533188740996725
2024-12-28 00:00:00+00:00,-0.6111238627611336,-0.07709643231899255,-0.13310517038777914
2024-12-29 00:00:00+00:00,-0.6000818739714397,-0.06935347595750707,-0.12470802745733622
2024-12-30 00:00:00+00:00,-0.5918560765200991,-0.046410872483149124,-0.11545760654879478
2024-12-31 00:00:00+00:00,-0.6041345722458946,-0.06334722578438912,-0.10969566598158065
2025-01-01 00:00:00+00:00,-0.6291557252504583,-0.060816588839263996,-0.10599694082216893
2025-01-02 00:00:00+00:00,-0.6205919555387679,-0.07206965133398746,-0.0955588930655995
2025-01-03 00:00:00+00:00,-0.6388718504363406,-0.07686511871043888,-0.13352692289575263
2025-01-04 00:00:00+00:00,-0.6301509764371556,-0.06811989350492009,-0.14005928551114621
2025-01-05 00:00:00+00:00,-0.6197242833671281,-0.0457882747491678,-0.11303661451214109
2025-01-06 00:00:00+00:00,-0.6184239802033791,-0.08302029821314694,-0.10592957192639896
2025-01-07 00:00:00+00:00,-0.5927479971289515,-0.05766048669578472,-0.06287208212201789
2025-01-08 00:00:00+00:00,-0.5849232197916878,-0.041664155111144296,-0.06631222406222481
2025-01-09 00:00:00+00:00,-0.5629219032505979,-0.020650011685261038,-0.040631212723657995
2025-01-10 00:00:00+00:00,-0.5787599814734541,-0.04456437617885922,-0.055193692149468676
2025-01-11 00:00:00+00:00,-0.5843566386146246,-0.03791057483198479,-0.048549574604837886
2025-01-12 00:00:00+00:00,-0.5759116831281906,-0.03436308570749225,-0.05250512655709616
2025-01-13 00:00:00+00:00,-0.5481820903168929,0.009286399587036032,0.06001893221057464
2025-01-14 00:00:00+00:00,-0.5606522861914985,0.004048431217368975,0.04008209249045924
2025-01-15 00:00:00+00:00,-0.5993735618837981,-0.048683373243175065,-0.038484493788244034
2025-01-16 00:00:00+00:00,-0.6136485929218123,-0.0443692348928314,-0.00355798733392787
2025-01-17 00:00:00+00:00,-0.6217532358441002,-0.08579867614012171,-0.04694512656788441
2025-01-18 00:00:00+00:00,-0.6204476949965607,-0.10408839339367915,-0.007159031474947897
2025-01-19 00:00:00+00:00,-0.5956794616579268,-0.08586238227632326,-0.00795304685361653
2025-01-20 00:00:00+00:00,-0.6261582376440824,-0.13526646437840162,-0.10478684531059679
2025-01-21 00:00:00+00:00,-0.6302541304197886,-0.15723091556343094,-0.10376133720406067
2025-01-22 00:00:00+00:00,-0.6196111089088345,-0.13641351481187425,-0.08940664898538209
2025-01-23 00:00:00+00:00,-0.6204523443445598,-0.1377156498573674,-0.1143726727797233
2025-01-24 00:00:00+00:00,-0.6193942258250151,-0.1491855192833066,-0.1078127785045121
2025-01-25 00:00:00+00:00,-0.6318640717282356,-0.17257311317715052,-0.15122470071743455
2025-01-26 00:00:00+00:00,-0.6175486019815339,-0.13908516858312214,-0.09350339199594138
2025-01-27 00:00:00+00:00,-0.6083009691824763,-0.12570997492918257,-0.04891529769610736
2025-01-28 00:00:00+00:00,-0.5955777244399276,-0.11876911471910345,-0.021749866784502636
2025-01-29 00:00:00+00:00,-0.6119643102605499,-0.1839630189898629,-0.09355149490991999
2025-01-30 00:00:00+00:00,-0.6266542841504243,-0.19539606126413178,-0.16629046711358964
2025-01-31 00:00:00+00:00,-0.6409780931064435,-0.2312659548669349,-0.2572076861789948
2025-02-01 00:00:00+00:00,-0.6280194365184895,-0.2351794816250503,-0.2718136736016218
2025-02-02 00:00:00+00:00,-0.5946778768749994,-0.19408255364681004,-0.18213180563686537
2025-02-03 00:00:00+00:00,-0.6010754637308788,-0.2522321455005955,-0.22437584638355512
2025-02-04 00:00:00+00:00,-0.5831765055662612,-0.25160098699785904,-0.2134344370036504
2025-02-05 00:00:00+00:00,-0.6070273655399623,-0.34884300084368025,-0.34481126154397923
2025-02-06 00:00:00+00:00,-0.5824871427658018,-0.26901004460182276,-0.23198493285293142
2025-02-07 00:00:00+00:00,-0.5822912444023732,-0.2820259297790414,-0.20404256130582354
2025-02-08 00:00:00+00:00,-0.5874327570506559,-0.2707701840452885,-0.2061645760999219
2025-02-09 00:00:00+00:00,-0.5841275249447853,-0.2729006792777523,-0.19875303557426593
2025-02-10 00:00:00+00:00,-0.5967020387998143,-0.29343415153439134,-0.23993777219965506
2025-02-11 00:00:00+00:00,-0.6021300079910312,-0.2996055469825074,-0.254135303678259
2025-02-12 00:00:00+00:00,-0.5998630561671063,-0.3228550447384332,-0.28865670660672615
2025-02-13 00:00:00+00:00,-0.585763363699042,-0.2872861437969926,-0.23437237234992736
2025-02-14 00:00:00+00:00,-0.5913502351308935,-0.28387070504678547,-0.234545754691025
2025-02-15 00:00:00+00:00,-0.6075635400677656,-0.2945288525141935,-0.2697546267415263
2025-02-16 00:00:00+00:00,-0.5921149930561885,-0.2832524190027854,-0.2491461293073972
2025-02-17 00:00:00+00:00,-0.5909709723070824,-0.2952232198788891,-0.27418961024762667
2025-02-18 00:00:00+00:00,-0.60076605949633,-0.3053225539746638,-0.2679950149514032
2025-02-19 00:00:00+00:00,-0.6058006494583119,-0.30669805183685295,-0.2822389983428466
2025-02-20 00:00:00+00:00,-0.6049278228566344,-0.3080717155790652,-0.2809162758761742
2025-02-21 00:00:00+00:00,-0.5907576762799933,-0.293257115314116,-0.2589748404055576
2025-02-22 00:00:00+00:00,-0.6021146445089014,-0.2994024609374879,-0.29147154406815234
2025-02-23 00:00:00+00:00,-0.6197139141518467,-0.3283049720542709,-0.3416652185169292
2025-02-24 00:00:00+00:00,-0.5844816542763683,-0.30031529319449046,-0.26320856806391035
2025-02-25 00:00:00+00:00,-0.5532081812868017,-0.2333363403863763,-0.17559001482549974
2025-02-26 00:00:00+00:00,-0.5333284522938968,-0.198989817102866,-0.13212376464344255
2025-02-27 00:00:00+00:00,-0.5409863817176486,-0.22236802930706656,-0.16374603504757934
2025-02-28 00:00:00+00:00,-0.5358084693571098,-0.2060070226487417,-0.12204201842160545
2025-03-01 00:00:00+00:00,-0.5466305530462772,-0.23573079409136377,-0.12522830895782877
2025-03-02 00:00:00+00:00,-0.5910302523436411,-0.2698625225416358,-0.19489220089670434
2025-03-03 00:00:00+00:00,-0.5299735792600356,-0.2074052827972338,-0.07734259030902613
2025-03-04 00:00:00+00:00,-0.5265760286889999,-0.16744819491950103,-0.02036831513555082
2025-03-05 00:00:00+00:00,-0.5429714886969983,-0.21759362320446507,-0.07527246285003053
2025-03-06 00:00:00+00:00,-0.5379447640508064,-0.2426043753778554,-0.10149850149850137
2025-03-07 00:00:00+00:00,-0.5212915159140741,-0.22509730506585401,-0.08031845349271571
2025-03-08 00:00:00+00:00,-0.5174956310415542,-0.234872124371321,-0.12093048584576005
2025-03-09 00:00:00+00:00,-0.46877524656272185,-0.15237884435092508,-0.01357645230423532
2025-03-10 00:00:00+00:00,-0.4456498251211166,-0.11002144387757828,0.09190391936089215
2025-03-11 00:00:00+00:00,-0.4606395478900187,-0.15363162476114756,0.0668285302818401
2025-03-12 00:00:00+00:00,-0.4684702813499487,-0.1570119641319826,0.08663662089927682
2025-03-13 00:00:00+00:00,-0.44691431589680075,-0.1255708815226827,0.1220804573659624
2025-03-14 00:00:00+00:00,-0.4565061144531315,-0.1520691042970499,0.09651871419977498
2025-03-15 00:00:00+00:00,-0.4699089016573782,-0.13663046174437177,0.1244753945188084
2025-03-16 00:00:00+00:00,-0.43783765929404606,-0.09312629451236354,0.24693693693693675
2025-03-17 00:00:00+00:00,-0.4924728377688887,-0.1202317151892458,0.2030202823013949
2025-03-18 00:00:00+00:00,-0.5103025670751511,-0.13865061766888076,0.14074261987843895
2025-03-19 00:00:00+00:00,-0.5123112885585968,-0.19478101106395995,0.03976051282550119
2025-03-20 00:00:00+00:00,-0.49360894580017334,-0.16281296680174007,0.08187862626588482
2025-03-21 00:00:00+00:00,-0.5026812299753468,-0.18041251396291946,0.06059773623298992
2025-03-22 00:00:00+00:00,-0.5146053254640852,-0.19061876830780888,0.036956818078548226
2025-03-23 00:00:00+00:00,-0.5102560144803412,-0.17629657595910908,0.0728019581353847
2025-03-24 00:00:00+00:00,-0.5223284046484096,-0.19362030012973985,0.03605131654814531
2025-03-25 00:00:00+00:00,-0.5150165662607245,-0.18372597215310582,0.04978825351499161
2025-03-26 00:00:00+00:00,-0.5031652848632491,-0.20813522899827486,0.025334408216887594
2025-03-27 00:00:00+00:00,-0.5193199546496228,-0.23872807699834042,-0.005445035584879743
2025-03-28 00:00:00+00:00,-0.48851693612984315,-0.2137694111582461,0.051578891876219
2025-03-29 00:00:00+00:00,-0.4711483963101981,-0.20130555240298253,0.0856417662246729
2025-03-30 00:00:00+00:00,-0.46564616941350234,-0.1892538159065198,0.1210019139920564
2025-03-31 00:00:00+00:00,-0.4678562945982543,-0.1728107604105681,0.15528717152373472
2025-04-01 00:00:00+00:00,-0.4692755072555971,-0.20014974458168155,0.12355510294071315
2025-04-02 00:00:00+00:00,-0.4560451205961473,-0.18922687871691746,0.14591526386738107
2025-04-03 00:00:00+00:00,-0.45619730292206473,-0.19526723499872434,0.1301981587360983
2025-04-04 00:00:00+00:00,-0.45650469587012044,-0.19775272032248947,0.13685624177844313
2025-04-05 00:00:00+00:00,-0.45157349612651054,-0.17361933175552835,0.16841545727875262
2025-04-06 00:00:00+00:00,-0.4115439425529046,-0.12210047175825578,0.33300437764113466
2025-04-07 00:00:00+00:00,-0.41155968041900937,-0.09144421072204734,0.44233889661567005
2025-04-08 00:00:00+00:00,-0.4112949551695827,-0.0688197517846002,0.48634799546629925
2025-04-09 00:00:00+00:00,-0.45314931315815854,-0.13105635983297026,0.311881929428395
2025-04-10 00:00:00+00:00,-0.43979559444441074,-0.083467219714775,0.4748234521267862
2025-04-11 00:00:00+00:00,-0.46033204016222184,-0.12443301579021049,0.4583335992596611
2025-04-12 00:00:00+00:00,-0.4804110274195579,-0.17045553954236137,0.3329744918439588
2025-04-13 00:00:00+00:00,-0.445338758383362,-0.1115330706781279,0.48298868415782104
2025-04-14 00:00:00+00:00,-0.44354604693875466,-0.12365332341587665,0.43027645540932524
2025-04-15 00:00:00+00:00,-0.42312679554162824,-0.10561428262807648,0.485385012399451
2025-04-16 00:00:00+00:00,-0.41044652163189244,-0.10562953541326381,0.48887860304094755
2025-04-17 00:00:00+00:00,-0.41143008117131585,-0.09271458238348662,0.5275129134514593
2025-04-18 00:00:00+00:00,-0.4316464066439468,-0.10397114212552905,0.47949137605438774
2025-04-19 00:00:00+00:00,-0.45745676322051976,-0.13252957526363474,0.4029083786346985
2025-04-20 00:00:00+00:00,-0.4579407810065884,-0.10963082084320075,0.45767185767563756
2025-04-21 00:00:00+00:00,-0.45084900897308433,-0.1277486473080479,0.47327437213925316
2025-04-22 00:00:00+00:00,-0.4994292274729468,-0.1633590705948088,0.3517759329484247
2025-04-23 00:00:00+00:00,-0.493492779935105,-0.16472859529423722,0.2981443620583042
2025-04-24 00:00:00+00:00,-0.5077683563611674,-0.17602955167174628,0.3081626310287342
2025-04-25 00:00:00+00:00,-0.5071358060368021,-0.1797751194331958,0.2997310321640705
2025-04-26 00:00:00+00:00,-0.5059062912198978,-0.16877087120091305,0.30126092878168786
2025-04-27 00:00:00+00:00,-0.5009580562839847,-0.17469975775819124,0.28603966973521877
2025-04-28 00:00:00+00:00,-0.512814908684528,-0.1964864555939626,0.2719847989865991
2025-04-29 00:00:00+00:00,-0.5069706512162473,-0.1960263458920002,0.2531357596186472
2025-04-30 00:00:00+00:00,-0.5133056140644331,-0.18928588115363365,0.25864039562669716
2025-05-01 00:00:00+00:00,-0.5168586656578522,-0.18922994124463377,0.24890784555875345
2025-05-02 00:00:00+00:00,-0.5205737058866675,-0.18785042060277546,0.25771903159266074
2025-05-03 00:00:00+00:00,-0.5017302788220199,-0.18035150905906971,0.26677101967799643
2025-05-04 00:00:00+00:00,-0.48722120750270426,-0.15291656704952883,0.2975907477637849
2025-05-05 00:00:00+00:00,-0.48168624346131506,-0.14596878322471996,0.29699097346980263
2025-05-06 00:00:00+00:00,-0.47599054831625254,-0.1589008697563109,0.29380297193175564
2025-05-07 00:00:00+00:00,-0.47385437430448707,-0.1754551403939998,0.2650032300633314
2025-05-08 00:00:00+00:00,-0.520955996293795,-0.2233979523850106,0.04515287284983627
2025-05-09 00:00:00+00:00,-0.5224726274328897,-0.2165014971547118,-0.007931634428410606
2025-05-10 00:00:00+00:00,-0.5435829098571255,-0.21562409448835418,-0.08205231435063853
2025-05-11 00:00:00+00:00,-0.55677866383797,-0.21487494957644215,-0.0694750991223152
2025-05-12 00:00:00+00:00,-0.5582069633170448,-0.21681645882162037,-0.08836411577778924
2025-05-13 00:00:00+00:00,-0.5765209413984194,-0.23812895446963855,-0.1571289430572711
2025-05-14 00:00:00+00:00,-0.5540369657254489,-0.21658102740449947,-0.12510441653191495
2025-05-15 00:00:00+00:00,-0.5355491338915362,-0.2375637879563096,-0.12713590118845375
2025-05-16 00:00:00+00:00,-0.53933874000701,-0.2446829280550994,-0.14045453112190198
2025-05-17 00:00:00+00:00,-0.5254401650843039,-0.24890733869470205,-0.13901772871987972
2025-05-18 00:00:00+00:00,-0.5564151477442858,-0.27666708687843966,-0.14721072312213257
2025-05-19 00:00:00+00:00,-0.545109050873358,-0.27222091402653736,-0.16463091442720734
2025-05-20 00:00:00+00:00,-0.5376173737441107,-0.27419525261537236,-0.1563868013105194
2025-05-21 00:00:00+00:00,-0.5635265711062343,-0.2921133205750721,-0.16355610958882616
2025-05-22 00:00:00+00:00,-0.5910646527635286,-0.3237057909126908,-0.22476940281144697
2025-05-23 00:00:00+00:00,-0.547187390029362,-0.2848189917283447,-0.1618127844844648
2025-05-24 00:00:00+00:00,-0.5520667863880526,-0.28485900073597425,-0.1701509642744231
2025-05-25 00:00:00+00:00,-0.5446021802960692,-0.29065102910264284,-0.17176488111570132
2025-05-26 00:00:00+00:00,-0.5449245028727038,-0.3061620532190906,-0.19110270312439048
2025-05-27 00:00:00+00:00,-0.5496679985988728,-0.31659123702922487,-0.23901368380305243
2025-05-28 00:00:00+00:00,-0.5590447876740594,-0.3169763015604308,-0.2504847852028639
2025-05-29 00:00:00+00:00,-0.5448061798544372,-0.30428114471338363,-0.23441983134389044
2025-05-30 00:00:00+00:00,-0.4733224091854834,-0.2894740688796166,-0.20103976549969582
2025-05-31 00:00:00+00:00,-0.4719609365104316,-0.2956012455268995,-0.2061066588609447
2025-06-01 00:00:00+00:00,-0.4817837255921251,-0.3240541510917957,-0.20970301786776202
2025-06-02 00:00:00+00:00,-0.5057337698394666,-0.3693359377029547,-0.2867098001465055
2025-06-03 00:00:00+00:00,-0.5012703939702281,-0.39130154628780556,-0.3008876515408583
2025-06-04 00:00:00+00:00,-0.5050935135228501,-0.3898003244796453,-0.32094045281629646
2025-06-05 00:00:00+00:00,-0.5096584939711777,-0.3985098614226882,-0.344078939192464
2025-06-06 00:00:00+00:00,-0.522548969152921,-0.41619013574275343,-0.36606356770728155
2025-06-07 00:00:00+00:00,-0.5213989737643234,-0.39999317872729256,-0.33039296847458843
2025-06-08 00:00:00+00:00,-0.5190663138782373,-0.4033519019426107,-0.32645238920564335
2025-06-09 00:00:00+00:00,-0.5464730127633622,-0.4401568177617482,-0.3882684795140534
2025-06-10 00:00:00+00:00,-0.5703086379566509,-0.4422005870991442,-0.42423306348530043
2025-06-11 00:00:00+00:00,-0.547164671652794,-0.4143686343206211,-0.3962137530171994
2025-06-12 00:00:00+00:00,-0.5228545529613728,-0.3983252663697282,-0.3694170624184058
2025-06-13 00:00:00+00:00,-0.5129944104377977,-0.3922873357199472,-0.34817520229219245
2025-06-14 00:00:00+00:00,-0.497764934586194,-0.3763062701727199,-0.31814158592675723
2025-06-15 00:00:00+00:00,-0.5002554913227534,-0.37185130103497344,-0.2949745055169355
2025-06-16 00:00:00+00:00,-0.4974859234163673,-0.38503395258165385,-0.2952554271137542
2025-06-17 00:00:00+00:00,-0.48784024302509676,-0.382987297033596,-0.3025359070897826
2025-06-18 00:00:00+00:00,-0.49303715410984705,-0.3997526666373017,-0.32233267326732673
2025-06-19 00:00:00+00:00,-0.49470484275019144,-0.3928457281910639,-0.32125801231198825
2025-06-20 00:00:00+00:00,-0.48777653980292546,-0.37754829498618514,-0.2765064471491674
2025-06-21 00:00:00+00:00,-0.486665440589631,-0.380023660397213,-0.2564717976417087
2025-06-22 00:00:00+00:00,-0.47436542368710843,-0.36591168702229815,-0.22422678098487225
2025-06-23 00:00:00+00:00,-0.49624723256425973,-0.4044220129259394,-0.3087209639833143
2025-06-24 00:00:00+00:00,-0.506668789161715,-0.4242433754701508,-0.33747064469358157
2025-06-25 00:00:00+00:00,-0.5092080630616473,-0.4429506529590207,-0.3517277309395531
2025-06-26 00:00:00+00:00,-0.5075587272375667,-0.43806524461729013,-0.34656202917266843
2025-06-27 00:00:00+00:00,-0.5116133758379394,-0.43923071972007965,-0.3504417766809592
2025-06-28 00:00:00+00:00,-0.51406425938496,-0.4447456443011948,-0.35459554446095853
2025-06-29 00:00:00+00:00,-0.5145685686065831,-0.44387304069984257,-0.3547952273718147
2025-06-30 00:00:00+00:00,-0.5213830233946459,-0.45285464294213995,-0.3675200263933984
2025-07-01 00:00:00+00:00,-0.5111040517356416,-0.4320273229452294,-0.3307387495270291
2025-07-02 00:00:00+00:00,-0.512055626723434,-0.4344490011906337,-0.33840515715391706
2025-07-03 00:00:00+00:00,-0.502600732649366,-0.4289055469199281,-0.32148191027496376
2025-07-04 00:00:00+00:00,-0.49338659346684444,-0.4152479102506069,-0.29002727229230785
2025-07-05 00:00:00+00:00,-0.49196694490085435,-0.41172730173130545,-0.29039782865272346
2025-07-06 00:00:00+00:00,-0.4975673759333574,-0.4135552376180178,-0.2998774485964947
2025-07-07 00:00:00+00:00,-0.5017360626465823,-0.4147213256909521,-0.30320695121327623
2025-07-08 00:00:00+00:00,-0.511343143442718,-0.42812802220431356,-0.33331803842844854
2025-07-09 00:00:00+00:00,-0.5130417384432988,-0.43155864497893137,-0.36969162868308325
2025-07-10 00:00:00+00:00,-0.5202201737642087,-0.44692940263770364,-0.39116454160722935
2025-07-11 00:00:00+00:00,-0.5253057388764255,-0.4569874019443593,-0.3956636085213405
2025-07-12 00:00:00+00:00,-0.5235753293831857,-0.45682166581502304,-0.3861270419396049
2025-07-13 00:00:00+00:00,-0.5364855228636976,-0.47656160254416446,-0.40218638439046717
2025-07-14 00:00:00+00:00,-0.5265783047116461,-0.4572485017253668,-0.37222675718902853
2025-07-15 00:00:00+00:00,-0.5279523646629608,-0.4500906052399457,-0.38880585361500886
2025-07-16 00:00:00+00:00,-0.5371212726762853,-0.46194075162671167,-0.4468951606923043
2025-07-17 00:00:00+00:00,-0.5466944169966745,-0.46355949895265514,-0.4702332845346533
2025-07-18 00:00:00+00:00,-0.5454928617880901,-0.45020726761215024,-0.4748655171247167
2025-07-19 00:00:00+00:00,-0.5464055641567358,-0.4507591649694501,-0.47877929070353376
2025-07-20 00:00:00+00:00,-0.5492659124657946,-0.4435215689030122,-0.49296588219948945
2025-07-21 00:00:00+00:00,-0.5479665074496368,-0.4329872561304122,-0.48699609018879264
2025-07-22 00:00:00+00:00,-0.5485631162568538,-0.4488365664224794,-0.48367817073789243
2025-07-23 00:00:00+00:00,-0.5381755329785662,-0.45182579842919923,-0.48229606784463197
2025-07-24 00:00:00+00:00,-0.5414393673865254,-0.458006984731157,-0.4978499786886219
2025-07-25 00:00:00+00:00,-0.5432541696899937,-0.4526601397397987,-0.49666842060048966
2025-07-26 00:00:00+00:00,-0.53911614030005,-0.44538674061963546,-0.4775012696800406
2025-07-27 00:00:00+00:00,-0.5558825852942866,-0.46610085537436285,-0.5112393791482658
2025-07-28 00:00:00+00:00,-0.5479492272929777,-0.45863337261202397,-0.4940168465385628
2025-07-29 00:00:00+00:00,-0.5525928174732944,-0.45753397434658327,-0.4963558868572061
2025-07-30 00:00:00+00:00,-0.5440764388331676,-0.4502727844379215,-0.49650656167979
2025-07-31 00:00:00+00:00,-0.5415182135349736,-0.45675826214832793,-0.49637544985791116
2025-08-01 00:00:00+00:00,-0.5340625199489546,-0.44550054886263146,-0.47109110716128655
2025-08-02 00:00:00+00:00,-0.5242035198960484,-0.4351660449228252,-0.44449224205495685
2025-08-03 00:00:00+00:00,-0.5306176458954406,-0.4438256946925281,-0.46793298901262315
2025-08-04 00:00:00+00:00,-0.5404953115962844,-0.4428182757416169,-0.4975127587013133
2025-08-05 00:00:00+00:00,-0.5369589215200905,-0.4334060137694159,-0.47151162790697676
2025-08-06 00:00:00+00:00,-0.5358404356235631,-0.44062666125296945,-0.4830464989370974
2025-08-07 00:00:00+00:00,-0.5461901064152199,-0.44733055984995906,-0.5104787088491705
2025-08-08 00:00:00+00:00,-0.5485473688114557,-0.4432162437216488,-0.5219503678762938
2025-08-09 00:00:00+00:00,-0.5589593475733962,-0.44272423038366515,-0.5515558768442151
2025-08-10 00:00:00+00:00,-0.5581514835713073,-0.4637617597061243,-0.5593155741465261
2025-08-11 00:00:00+00:00,-0.5491714075487641,-0.4641322481168798,-0.5542287638342308
2025-08-12 00:00:00+00:00,-0.5663782189386769,-0.47159049288927846,-0.5905017296515428
2025-08-13 00:00:00+00:00,-0.5685143992161495,-0.485096924791351,-0.6028572631756259
2025-08-14 00:00:00+00:00,-0.5477189902985986,-0.46706528563442495,-0.5860421743452595
2025-08-15 00:00:00+00:00,-0.5447594009312757,-0.4623750820784195,-0.5759313611759962
2025-08-16 00:00:00+00:00,-0.5476726601778594,-0.4641365962672216,-0.5757566163650303
2025-08-17 00:00:00+00:00,-0.5569708110798295,-0.450346284200308,-0.572124597245731
2025-08-18 00:00:00+00:00,-0.5495267565058279,-0.4431122531286822,-0.555331684052131
2025-08-19 00:00:00+00:00,-0.5080388368968072,-0.3857270839228606,-0.4472456748593455
2025-08-20 00:00:00+00:00,-0.5250205669303635,-0.36094900169106425,-0.463391572266706
2025-08-21 00:00:00+00:00,-0.4766972898111529,-0.30366195555555553,-0.4044683217759686
2025-08-22 00:00:00+00:00,-0.517933821641691,-0.3408793135458126,-0.4986413690199024
2025-08-23 00:00:00+00:00,-0.5103490924556984,-0.3266171769187023,-0.484469696969697
2025-08-24 00:00:00+00:00,-0.5021119508664176,-0.30398932662188227,-0.4807045804001966
2025-08-25 00:00:00+00:00,-0.47880652822122505,-0.28673392304815515,-0.44183283137348106
2025-08-26 00:00:00+00:00,-0.48592757490598526,-0.2929359945069585,-0.4551224506208932
2025-08-27 00:00:00+00:00,-0.4661958908365511,-0.2787333250585712,-0.44284411466457796
2025-08-28 00:00:00+00:00,-0.502993538090049,-0.30844795406109615,-0.45850448105940533
