time,paid_in,best_net,best_gross,bitcoin
2020-12-05 00:00:00+00:00,1000.0,1000.0,1000.0,6201.127237250113
2020-12-06 00:00:00+00:00,1000.0,978.4730028772719,989.6408054875028,6269.700978439133
2020-12-07 00:00:00+00:00,1000.0,994.8752960084627,1008.2092100375535,6207.358269556134
2020-12-08 00:00:00+00:00,1000.0,884.5491519442737,903.9500138314737,5934.413793610664
2020-12-09 00:00:00+00:00,1000.0,942.5643542285746,961.9652161157746,6004.746084977525
2020-12-10 00:00:00+00:00,1000.0,908.3854816981795,929.4227993394719,5911.912123931751
2020-12-11 00:00:00+00:00,1000.0,854.5685472777461,877.239168029131,5841.278644412882
2020-12-12 00:00:00+00:00,1000.0,891.6111183348011,914.8769698170427,6091.34901371728
2020-12-13 00:00:00+00:00,1000.0,939.1868252439992,966.2295116978637,6209.978282620359
2020-12-14 00:00:00+00:00,1000.0,944.0895808731,971.1322673269644,6241.764967694989
2020-12-15 00:00:00+00:00,1000.0,943.8164063055929,970.9776935436955,6291.409195459534
2020-12-16 00:00:00+00:00,1000.0,1012.7269292253477,1040.6293741940024,6909.683699882624
2020-12-17 00:00:00+00:00,1000.0,977.0248700421876,1005.5523118123793,7383.047840203387
2020-12-18 00:00:00+00:00,1000.0,1018.4610356962867,1048.1183052806869,7483.518378264544
2020-12-19 00:00:00+00:00,1000.0,1061.0615263960651,1091.6854690695034,7714.8244018407295
2020-12-20 00:00:00+00:00,1000.0,1008.9385486983043,1040.7171362791591,7596.263143165524
2020-12-21 00:00:00+00:00,1000.0,1012.1611459177306,1044.6836146953374,7357.965020447603
2020-12-22 00:00:00+00:00,1000.0,1082.9504865962415,1116.75751497355,7711.320255814163
2020-12-23 00:00:00+00:00,1000.0,994.2074713591895,1028.0144997364982,7524.120484304344
2020-12-24 00:00:00+00:00,1000.0,1096.2911818019393,1130.4146910515915,7684.89666299461
2020-12-25 00:00:00+00:00,1000.0,1136.3273384169213,1170.5562802609709,8003.33674280441
2020-12-26 00:00:00+00:00,1000.0,1283.0980236731107,1317.3269655171603,8580.102338149401
2020-12-27 00:00:00+00:00,1000.0,1187.2477159871532,1222.7420950819483,8511.53183554266
2020-12-28 00:00:00+00:00,1000.0,1302.6275779439418,1339.3379323476415,8769.889736900648
2020-12-29 00:00:00+00:00,1000.0,1245.5704088577208,1283.1923287863633,8868.857572784054
2020-12-30 00:00:00+00:00,1000.0,1248.8879620257494,1287.450409300458,9351.581215892968
2020-12-31 00:00:00+00:00,1000.0,1299.521168062019,1339.1227320708736,9367.155558075738
2021-01-01 00:00:00+00:00,1100.0,1429.175681303001,1471.5062532327474,9599.309146578576
2021-01-02 00:00:00+00:00,1100.0,1483.9267297474069,1526.6763008471955,10530.755812502479
2021-01-03 00:00:00+00:00,1100.0,1477.6792883910275,1521.8412288383647,10799.673828640965
2021-01-04 00:00:00+00:00,1100.0,1473.9290946934848,1520.327569748696,10468.700326180884
2021-01-05 00:00:00+00:00,1100.0,1572.69024446542,1622.0121563960395,11110.402882288397
2021-01-06 00:00:00+00:00,1100.0,1645.5193233401653,1696.9985301496026,12033.227067470441
2021-01-07 00:00:00+00:00,1100.0,1561.2358147425869,1615.6704014352285,12904.700517715655
2021-01-08 00:00:00+00:00,1100.0,1554.8503134771645,1609.8057342189297,13281.225666315922
2021-01-09 00:00:00+00:00,1100.0,1608.2500612856286,1664.238876446005,13119.36498189552
2021-01-10 00:00:00+00:00,1100.0,1570.9279688203428,1629.4210765991677,12485.0651000871
2021-01-11 00:00:00+00:00,1100.0,1423.7118094663597,1485.0431591170297,11586.549962072912
2021-01-12 00:00:00+00:00,1100.0,1461.8407261523112,1524.9293794101486,11143.688735646532
2021-01-13 00:00:00+00:00,1100.0,1617.0448248569637,1683.8480824929281,12230.245545876334
2021-01-14 00:00:00+00:00,1100.0,1650.405102089444,1718.2680134474867,12810.520959369342
2021-01-15 00:00:00+00:00,1100.0,1640.0249589653038,1711.003703481996,12024.345167360916
2021-01-16 00:00:00+00:00,1100.0,1798.0046376032076,1872.0994051292255,11779.80165085977
2021-01-17 00:00:00+00:00,1100.0,1796.5403531359507,1873.3457742217931,11725.355014116158
2021-01-18 00:00:00+00:00,1100.0,1855.9333832321008,1932.738804317943,11988.035409912434
2021-01-19 00:00:00+00:00,1100.0,1739.4985095732513,1816.3039306590936,11745.933270523192
2021-01-20 00:00:00+00:00,1100.0,1846.7419490153175,1925.0775338794283,11607.416209345693
2021-01-21 00:00:00+00:00,1100.0,1514.5988099292695,1594.4994160236097,10096.085962632525
2021-01-22 00:00:00+00:00,1100.0,1697.9906788716157,1779.104131815192,10781.713671013451
2021-01-23 00:00:00+00:00,1100.0,1813.503570233641,1895.4862582216667,10497.921581183811
2021-01-24 00:00:00+00:00,1100.0,2057.4290236778324,2140.754835432364,10557.450602183168
2021-01-25 00:00:00+00:00,1100.0,1952.1045484876065,2036.6098058939838,10555.58520680276
2021-01-26 00:00:00+00:00,1100.0,2137.888146381112,2224.08063866559,10625.478626345543
2021-01-27 00:00:00+00:00,1100.0,2017.0976040221653,2103.428683210365,9937.697531718462
2021-01-28 00:00:00+00:00,1100.0,2171.48353765872,2258.3772073746227,10919.06240561059
2021-01-29 00:00:00+00:00,1100.0,2233.654119716466,2320.796709120018,11209.455376988095
2021-01-30 00:00:00+00:00,1100.0,2555.3691325678906,2642.700976742247,11212.950538858755
2021-01-31 00:00:00+00:00,1100.0,2444.058442161483,2534.321445585037,10830.086318588574
2021-02-01 00:00:00+00:00,1200.0,2765.809207107227,2856.6877125141236,11071.918547345644
2021-02-02 00:00:00+00:00,1200.0,2712.324452131088,2805.9361288346313,11712.419753923243
2021-02-03 00:00:00+00:00,1200.0,3082.6340053423846,3178.509272105643,12423.307238327789
2021-02-04 00:00:00+00:00,1200.0,3624.62083030979,3721.249691912738,12198.013272000262
2021-02-05 00:00:00+00:00,1200.0,3635.452083489409,3734.639187255781,12645.021388183859
2021-02-06 00:00:00+00:00,1200.0,3624.5525575544784,3727.3346846281197,12941.148826371358
2021-02-07 00:00:00+00:00,1200.0,3751.210848092118,3854.8760714111295,12811.941889613403
2021-02-08 00:00:00+00:00,1200.0,3804.653931590664,3911.523215743259,15314.900690730747
2021-02-09 00:00:00+00:00,1200.0,3840.882745549433,3951.590434293848,15329.943185221033
2021-02-10 00:00:00+00:00,1200.0,3874.7260599661868,3988.7864513743125,14797.316690957261
2021-02-11 00:00:00+00:00,1200.0,3715.6524012196905,3835.998353868784,15841.516792025843
2021-02-12 00:00:00+00:00,1200.0,3831.3173198885574,3956.6497068888075,15616.321898109885
2021-02-13 00:00:00+00:00,1200.0,3669.3596936721096,3804.3476349435873,15572.099275998045
2021-02-14 00:00:00+00:00,1200.0,3540.7129916155704,3681.1443207929033,16042.396013728408
2021-02-15 00:00:00+00:00,1200.0,3353.071302593975,3496.2780894233283,15822.22739349285
2021-02-16 00:00:00+00:00,1200.0,3512.3189082216095,3657.8536581354097,16225.897934441315
2021-02-17 00:00:00+00:00,1200.0,3783.126059239308,3930.617176272855,17212.08453370729
2021-02-18 00:00:00+00:00,1200.0,3870.6673357129084,4018.750982688941,17024.801349286063
2021-02-19 00:00:00+00:00,1200.0,4387.244729428925,4537.994055819749,18462.474137738674
2021-02-20 00:00:00+00:00,1200.0,3967.2055759195173,4121.506646383725,18441.07119442549
2021-02-21 00:00:00+00:00,1200.0,4114.944057855175,4278.816509765242,18958.684915922448
2021-02-22 00:00:00+00:00,1200.0,4091.2402565155326,4255.381993446212,17861.98634396208
2021-02-23 00:00:00+00:00,1200.0,3782.4203101488793,3948.96729160582,16145.830913822872
2021-02-24 00:00:00+00:00,1200.0,3872.110954285008,4041.1340078026255,16405.136439042926
2021-02-25 00:00:00+00:00,1200.0,3655.759844534163,3829.8744777893235,15545.693175900496
2021-02-26 00:00:00+00:00,1200.0,3719.977831584134,3896.950742728551,15282.537036284026
2021-02-27 00:00:00+00:00,1200.0,3830.6896209810257,4010.1610280436144,15226.250696856483
2021-02-28 00:00:00+00:00,1200.0,3627.8528937343954,3812.10285517543,14905.66228025196
2021-03-01 00:00:00+00:00,1300.0,4145.955665438943,4334.961024625107,16475.68881591013
2021-03-02 00:00:00+00:00,1300.0,3910.135045392658,4103.323272724545,16094.698616230824
2021-03-03 00:00:00+00:00,1300.0,3961.727354869913,4156.997371738115,16728.772594562255
2021-03-04 00:00:00+00:00,1300.0,3829.940435179249,4028.076609455445,16072.587482068799
2021-03-05 00:00:00+00:00,1300.0,4010.9179376097577,4213.115424998484,16198.03229099704
2021-03-06 00:00:00+00:00,1300.0,3916.8617507969157,4119.283142008121,16241.380877186983
2021-03-07 00:00:00+00:00,1300.0,4114.706908964108,4327.738161893192,16935.52631571251
2021-03-08 00:00:00+00:00,1300.0,4349.608489139375,4565.315621556918,17401.74037679527
2021-03-09 00:00:00+00:00,1300.0,4817.732561499118,5036.219420077635,18235.336114277143
2021-03-10 00:00:00+00:00,1300.0,4591.158010994635,4812.410202018278,18556.601990730756
2021-03-11 00:00:00+00:00,1300.0,5128.193502086735,5352.788982401497,19194.944720173695
2021-03-12 00:00:00+00:00,1300.0,5344.445264148909,5572.315832045267,19011.757162747206
2021-03-13 00:00:00+00:00,1300.0,5384.918390434797,5615.74932671213,20329.479106053677
2021-03-14 00:00:00+00:00,1300.0,5227.2022917196355,5465.878505683249,19591.971793397006
2021-03-15 00:00:00+00:00,1300.0,5408.893284488525,5653.7317290057235,18474.751594904716
2021-03-16 00:00:00+00:00,1300.0,5558.423110599717,5806.885566993506,18905.131400547914
2021-03-17 00:00:00+00:00,1300.0,6120.40120860662,6372.710932850372,19573.587926742464
2021-03-18 00:00:00+00:00,1300.0,6192.146434478262,6448.8385889556575,19153.419903913884
2021-03-19 00:00:00+00:00,1300.0,6232.2030765540785,6489.642316610625,19280.269912624357
2021-03-20 00:00:00+00:00,1300.0,5900.896468213674,6165.465839931612,19304.27790039313
2021-03-21 00:00:00+00:00,1300.0,6194.843709756297,6471.907039500087,19054.8898198926
2021-03-22 00:00:00+00:00,1300.0,5862.073307760658,6139.479197390926,17969.16204205175
2021-03-23 00:00:00+00:00,1300.0,6089.413545802918,6367.418108883581,18054.74967134117
2021-03-24 00:00:00+00:00,1300.0,5829.0443691784985,6114.239149367334,17377.981537924057
2021-03-25 00:00:00+00:00,1300.0,6037.44826620153,6327.193789762183,17042.504208353686
2021-03-26 00:00:00+00:00,1300.0,6751.307047554721,7051.3476477808845,18282.206004885917
2021-03-27 00:00:00+00:00,1300.0,6651.993919327319,6965.195988379601,18545.157751369552
2021-03-28 00:00:00+00:00,1300.0,7023.8837973570935,7345.599114471361,18532.032587446152
2021-03-29 00:00:00+00:00,1300.0,7398.586703212977,7724.880089288704,19149.204304567185
2021-03-30 00:00:00+00:00,1300.0,8105.199424868848,8432.16946572326,19518.310091337404
2021-03-31 00:00:00+00:00,1300.0,8236.984471357193,8570.153521757169,19516.31025618633
2021-04-01 00:00:00+00:00,1400.0,8283.996838278725,8631.907273337794,19609.629743746453
2021-04-02 00:00:00+00:00,1400.0,9462.54806362273,9816.282542316792,19686.137818137104
2021-04-03 00:00:00+00:00,1400.0,9223.383343455916,9589.402821740068,19052.28436147999
2021-04-04 00:00:00+00:00,1400.0,11109.285386029718,11491.669335973007,19436.345984548498
2021-04-05 00:00:00+00:00,1400.0,11518.026058150099,11902.888678984904,19746.2414734971
2021-04-06 00:00:00+00:00,1400.0,10919.164098721605,11314.076357953501,19365.930067395435
2021-04-07 00:00:00+00:00,1400.0,9376.588348113879,9772.649856676777,18685.44768864744
2021-04-08 00:00:00+00:00,1400.0,10576.601883300786,10978.380008174932,19394.77300946368
2021-04-09 00:00:00+00:00,1400.0,10218.654288296188,10622.9975374774,19416.486197993
2021-04-10 00:00:00+00:00,1400.0,11057.174508073325,11466.651299065885,19959.67991269472
2021-04-11 00:00:00+00:00,1400.0,11136.97697335674,11552.6429088774,20037.589584855443
2021-04-12 00:00:00+00:00,1400.0,11081.464137669038,11510.802327144409,19990.025613120117
2021-04-13 00:00:00+00:00,1400.0,11934.605268274361,12384.959762093265,21230.63612352341
2021-04-14 00:00:00+00:00,1400.0,11884.044816055204,12347.967213049238,21025.1021932844
2021-04-15 00:00:00+00:00,1400.0,13109.888272770568,13597.442330545351,21092.041729437926
2021-04-16 00:00:00+00:00,1400.0,16965.66287818899,17465.568576871254,20482.529618703637
2021-04-17 00:00:00+00:00,1400.0,15705.910443626228,16217.850915291154,20039.002177711165
2021-04-18 00:00:00+00:00,1400.0,15967.956581710268,16487.796118881066,18751.08817368778
2021-04-19 00:00:00+00:00,1400.0,15941.518467235566,16470.782668165546,18578.481348785455
2021-04-20 00:00:00+00:00,1400.0,16274.027446291486,16812.196584208217,18842.920067161755
2021-04-21 00:00:00+00:00,1400.0,15490.807525244434,16037.135090721844,17962.180109739857
2021-04-22 00:00:00+00:00,1400.0,13895.984635100689,14452.760030532494,17262.00491758716
2021-04-23 00:00:00+00:00,1400.0,13747.979667058813,14314.864212429684,17073.051421222048
2021-04-24 00:00:00+00:00,1400.0,13201.941128496479,13773.843882205898,16713.291070520172
2021-04-25 00:00:00+00:00,1400.0,13259.918305209718,13851.92323455402,16385.666372420208
2021-04-26 00:00:00+00:00,1400.0,14014.961092384672,14641.333128743097,18033.564471167534
2021-04-27 00:00:00+00:00,1400.0,14365.431958480798,14996.944240016895,18371.04392462739
2021-04-28 00:00:00+00:00,1400.0,15202.224699968758,15847.517202178986,18315.692325139004
2021-04-29 00:00:00+00:00,1400.0,14684.142217745739,15339.735930773568,17884.4941816012
2021-04-30 00:00:00+00:00,1400.0,15153.59133140162,15813.744796471874,19266.788089379676
2021-05-01 00:00:00+00:00,1500.0,16802.56581860285,17483.352871840725,19402.219791978277
2021-05-02 00:00:00+00:00,1500.0,16731.881723946048,17420.69068246494,18991.825831893657
2021-05-03 00:00:00+00:00,1500.0,18334.3352822176,19023.81178513188,19190.269501202016
2021-05-04 00:00:00+00:00,1500.0,19593.184010414112,20293.300702623637,17857.852416592905
2021-05-05 00:00:00+00:00,1500.0,22435.489891256824,23166.33075692051,19279.800431676533
2021-05-06 00:00:00+00:00,1500.0,23612.495578764458,24386.708622700673,18929.883935521197
2021-05-07 00:00:00+00:00,1500.0,22707.91483910931,23529.727514740607,19239.06305269338
2021-05-08 00:00:00+00:00,1500.0,22808.80903277327,23636.980944456333,19758.451207774444
2021-05-09 00:00:00+00:00,1500.0,22187.73158746688,23029.84430216178,19549.92725261519
2021-05-10 00:00:00+00:00,1500.0,19158.2140614806,20036.309488838728,18736.018857588333
2021-05-11 00:00:00+00:00,1500.0,22563.51948767089,23464.38892576729,19022.644048476086
2021-05-12 00:00:00+00:00,1500.0,18968.36667735627,19882.42219925779,16659.936488746822
2021-05-13 00:00:00+00:00,1500.0,19140.64294071863,20057.705572230276,16673.245957078085
2021-05-14 00:00:00+00:00,1500.0,21609.58760114879,22553.706701421303,16730.4716357947
2021-05-15 00:00:00+00:00,1500.0,21599.06032739568,22560.474104321947,15697.113101644338
2021-05-16 00:00:00+00:00,1500.0,22262.83975793684,23237.858653024858,15585.840575613303
2021-05-17 00:00:00+00:00,1500.0,20716.557782964424,21692.523908576426,14614.581704547021
2021-05-18 00:00:00+00:00,1500.0,23135.836010537823,24130.686733891238,14383.550817442972
2021-05-19 00:00:00+00:00,1500.0,15728.864461978896,16743.25355249802,12315.90393256526
2021-05-20 00:00:00+00:00,1500.0,15699.570421643253,16744.36046790379,13603.733459080002
2021-05-21 00:00:00+00:00,1500.0,15699.570421643253,16744.36046790379,12504.5257848907
2021-05-22 00:00:00+00:00,1500.0,15699.570421643253,16744.36046790379,12570.895219404129
2021-05-23 00:00:00+00:00,1500.0,15699.570421643253,16744.36046790379,11632.8613464571
2021-05-24 00:00:00+00:00,1500.0,15699.570421643253,16744.36046790379,13022.90020493115
2021-05-25 00:00:00+00:00,1500.0,15699.570421643253,16744.36046790379,12864.606485360557
2021-05-26 00:00:00+00:00,1500.0,15699.570421643253,16744.36046790379,13172.483187977245
2021-05-27 00:00:00+00:00,1500.0,15699.570421643253,16744.36046790379,12933.50690073698
2021-05-28 00:00:00+00:00,1500.0,15699.570421643253,16744.36046790379,11971.301153526792
2021-05-29 00:00:00+00:00,1500.0,15699.570421643253,16744.36046790379,11616.044086346225
2021-05-30 00:00:00+00:00,1500.0,15699.570421643253,16744.36046790379,11963.842480479612
2021-05-31 00:00:00+00:00,1500.0,15699.570421643253,16744.36046790379,12505.129997828813
2021-06-01 00:00:00+00:00,1600.0,15799.570421643253,16844.36046790379,12416.910954128785
2021-06-02 00:00:00+00:00,1600.0,15799.570421643253,16844.36046790379,12713.038608083145
2021-06-03 00:00:00+00:00,1600.0,15799.570421643253,16844.36046790379,13280.8800290311
2021-06-04 00:00:00+00:00,1600.0,15799.570421643253,16844.36046790379,12462.74456165783
2021-06-05 00:00:00+00:00,1600.0,15799.570421643253,16844.36046790379,12017.502151039145
2021-06-06 00:00:00+00:00,1600.0,15799.570421643253,16844.36046790379,12113.301344586991
2021-06-07 00:00:00+00:00,1600.0,15799.570421643253,16844.36046790379,11354.13562557861
2021-06-08 00:00:00+00:00,1600.0,15799.570421643253,16844.36046790379,11295.940770906012
2021-06-09 00:00:00+00:00,1600.0,15799.570421643253,16844.36046790379,12651.916753219144
2021-06-10 00:00:00+00:00,1600.0,15799.570421643253,16844.36046790379,12410.877441503071
2021-06-11 00:00:00+00:00,1600.0,15799.570421643253,16844.36046790379,12632.943701111384
2021-06-12 00:00:00+00:00,1600.0,15799.570421643253,16844.36046790379,12028.638287027488
2021-06-13 00:00:00+00:00,1600.0,15799.570421643253,16844.36046790379,13204.331360441527
2021-06-14 00:00:00+00:00,1600.0,15799.570421643253,16844.36046790379,13710.45537504145
2021-06-15 00:00:00+00:00,1600.0,15799.570421643253,16844.36046790379,13584.4928523535
2021-06-16 00:00:00+00:00,1600.0,15799.570421643253,16844.36046790379,12977.087863500441
2021-06-17 00:00:00+00:00,1600.0,15799.570421643253,16844.36046790379,12890.448657834831
2021-06-18 00:00:00+00:00,1600.0,15799.570421643253,16844.36046790379,12121.263461870663
2021-06-19 00:00:00+00:00,1600.0,15799.570421643253,16844.36046790379,12007.526663681616
2021-06-20 00:00:00+00:00,1600.0,15799.570421643253,16844.36046790379,12046.927808454713
2021-06-21 00:00:00+00:00,1600.0,15799.570421643253,16844.36046790379,10696.36931435712
2021-06-22 00:00:00+00:00,1600.0,15799.570421643253,16844.36046790379,11001.125867234083
2021-06-23 00:00:00+00:00,1600.0,15799.570421643253,16844.36046790379,11396.528063032863
2021-06-24 00:00:00+00:00,1600.0,15799.570421643253,16844.36046790379,11729.840632806094
2021-06-25 00:00:00+00:00,1600.0,15799.570421643253,16844.36046790379,10688.08573462468
2021-06-26 00:00:00+00:00,1600.0,15799.570421643253,16844.36046790379,10924.682096917266
2021-06-27 00:00:00+00:00,1600.0,15799.570421643253,16844.36046790379,11742.445344613014
2021-06-28 00:00:00+00:00,1600.0,15799.570421643253,16844.36046790379,11672.924860298066
2021-06-29 00:00:00+00:00,1600.0,15799.570421643253,16844.36046790379,12152.357340204571
2021-06-30 00:00:00+00:00,1600.0,15799.570421643253,16844.36046790379,11859.07192102572
2021-07-01 00:00:00+00:00,1700.0,15899.570421643253,16944.36046790379,11437.859474225244
2021-07-02 00:00:00+00:00,1700.0,15899.570421643253,16944.36046790379,11533.934025972043
2021-07-03 00:00:00+00:00,1700.0,15899.570421643253,16944.36046790379,11835.226093159796
2021-07-04 00:00:00+00:00,1700.0,15899.570421643253,16944.36046790379,12045.985113804243
2021-07-05 00:00:00+00:00,1700.0,15899.570421643253,16944.36046790379,11501.021918063896
2021-07-06 00:00:00+00:00,1700.0,15899.570421643253,16944.36046790379,11681.907081608024
2021-07-07 00:00:00+00:00,1700.0,15899.570421643253,16944.36046790379,11559.731847718942
2021-07-08 00:00:00+00:00,1700.0,15899.570421643253,16944.36046790379,11222.994659028203
2021-07-09 00:00:00+00:00,1700.0,15899.570421643253,16944.36046790379,11543.922702223388
2021-07-10 00:00:00+00:00,1700.0,15899.570421643253,16944.36046790379,11437.092341796306
2021-07-11 00:00:00+00:00,1700.0,15899.570421643253,16944.36046790379,11695.21393739331
2021-07-12 00:00:00+00:00,1700.0,15899.570421643253,16944.36046790379,11294.997789408724
2021-07-13 00:00:00+00:00,1700.0,15899.570421643253,16944.36046790379,11173.174173309762
2021-07-14 00:00:00+00:00,1700.0,15899.570421643253,16944.36046790379,11203.983402007098
2021-07-15 00:00:00+00:00,1700.0,15899.570421643253,16944.36046790379,10883.082668931533
2021-07-16 00:00:00+00:00,1700.0,15899.570421643253,16944.36046790379,10713.715548337525
2021-07-17 00:00:00+00:00,1700.0,15899.570421643253,16944.36046790379,10760.21102699212
2021-07-18 00:00:00+00:00,1700.0,15899.570421643253,16944.36046790379,10848.453437252223
2021-07-19 00:00:00+00:00,1700.0,15899.570421643253,16944.36046790379,10527.931632086398
2021-07-20 00:00:00+00:00,1700.0,15899.570421643253,16944.36046790379,10169.725275608673
2021-07-21 00:00:00+00:00,1700.0,15899.570421643253,16944.36046790379,10973.38016569311
2021-07-22 00:00:00+00:00,1700.0,15899.570421643253,16944.36046790379,11022.306244993966
2021-07-23 00:00:00+00:00,1700.0,15899.570421643253,16944.36046790379,11481.887765504496
2021-07-24 00:00:00+00:00,1700.0,15899.570421643253,16944.36046790379,11694.923767372338
2021-07-25 00:00:00+00:00,1700.0,15899.570421643253,16944.36046790379,12078.248606371391
2021-07-26 00:00:00+00:00,1700.0,15899.570421643253,16944.36046790379,12712.04137994369
2021-07-27 00:00:00+00:00,1700.0,15899.570421643253,16944.36046790379,13469.989371077589
2021-07-28 00:00:00+00:00,1700.0,15899.570421643253,16944.36046790379,13661.737134700928
2021-07-29 00:00:00+00:00,1700.0,15899.570421643253,16944.36046790379,13660.685695095526
2021-07-30 00:00:00+00:00,1700.0,15899.570421643253,16944.36046790379,14408.262668303383
2021-07-31 00:00:00+00:00,1700.0,15899.570421643253,16944.36046790379,14154.094212521504
2021-08-01 00:00:00+00:00,1800.0,15999.570421643253,17044.36046790379,13702.296659346026
2021-08-02 00:00:00+00:00,1800.0,15999.570421643253,17044.36046790379,13462.26315975275
2021-08-03 00:00:00+00:00,1800.0,15999.570421643253,17044.36046790379,13138.785769404161
2021-08-04 00:00:00+00:00,1800.0,15999.570421643253,17044.36046790379,13660.096797422919
2021-08-05 00:00:00+00:00,1800.0,15999.570421643253,17044.36046790379,14051.83050627454
2021-08-06 00:00:00+00:00,1800.0,15999.570421643253,17044.36046790379,14730.718007234562
2021-08-07 00:00:00+00:00,1800.0,15999.570421643253,17044.36046790379,15327.516376768386
2021-08-08 00:00:00+00:00,1800.0,15999.570421643253,17044.36046790379,15059.947894729672
2021-08-09 00:00:00+00:00,1800.0,15999.570421643253,17044.36046790379,15905.468699165283
2021-08-10 00:00:00+00:00,1800.0,15999.570421643253,17044.36046790379,15675.640449451856
2021-08-11 00:00:00+00:00,1800.0,15999.570421643253,17044.36046790379,15650.199489268292
2021-08-12 00:00:00+00:00,1800.0,15999.570421643253,17044.36046790379,15267.845823582065
2021-08-13 00:00:00+00:00,1800.0,15999.570421643253,17044.36046790379,16437.25663023571
2021-08-14 00:00:00+00:00,1800.0,15999.570421643253,17044.36046790379,16185.738749918431
2021-08-15 00:00:00+00:00,1800.0,15999.570421643253,17044.36046790379,16153.18023498693
2021-08-16 00:00:00+00:00,1800.0,15999.570421643253,17044.36046790379,15784.398061373218
2021-08-17 00:00:00+00:00,1800.0,15999.570421643253,17044.36046790379,15369.950069108616
2021-08-18 00:00:00+00:00,1800.0,15999.570421643253,17044.36046790379,15373.161564825801
2021-08-19 00:00:00+00:00,1800.0,15999.570421643253,17044.36046790379,16079.872859515435
2021-08-20 00:00:00+00:00,1800.0,15999.570421643253,17044.36046790379,16960.74762429804
2021-08-21 00:00:00+00:00,1800.0,15999.570421643253,17044.36046790379,16788.619706094334
2021-08-22 00:00:00+00:00,1800.0,15999.570421643253,17044.36046790379,16932.122675855255
2021-08-23 00:00:00+00:00,1800.0,15999.570421643253,17044.36046790379,17017.95625999667
2021-08-24 00:00:00+00:00,1800.0,15999.570421643253,17044.36046790379,16393.935822376174
2021-08-25 00:00:00+00:00,1800.0,15999.570421643253,17044.36046790379,16840.694762450607
2021-08-26 00:00:00+00:00,1800.0,15999.570421643253,17044.36046790379,16108.497807958222
2021-08-27 00:00:00+00:00,1800.0,15999.570421643253,17044.36046790379,16873.903141076487
2021-08-28 00:00:00+00:00,1800.0,15999.570421643253,17044.36046790379,16813.885306233384
2021-08-29 00:00:00+00:00,1800.0,15999.570421643253,17044.36046790379,16770.0384182403
2021-08-30 00:00:00+00:00,1800.0,15999.570421643253,17044.36046790379,16156.305769897981
2021-08-31 00:00:00+00:00,1800.0,15999.570421643253,17044.36046790379,16196.87239352897
2021-09-01 00:00:00+00:00,1900.0,16099.570421643253,17144.36046790379,16884.717085495824
2021-09-02 00:00:00+00:00,1900.0,16099.570421643253,17144.36046790379,17035.42587390135
2021-09-03 00:00:00+00:00,1900.0,16099.570421643253,17144.36046790379,17295.731104270584
2021-09-04 00:00:00+00:00,1900.0,16099.570421643253,17144.36046790379,17266.846736515326
2021-09-05 00:00:00+00:00,1900.0,16099.570421643253,17144.36046790379,17903.769530355923
2021-09-06 00:00:00+00:00,1900.0,16099.570421643253,17144.36046790379,18217.52640749812
2021-09-07 00:00:00+00:00,1900.0,16099.570421643253,17144.36046790379,16211.128283869253
2021-09-08 00:00:00+00:00,1900.0,16099.570421643253,17144.36046790379,15929.057731114857
2021-09-09 00:00:00+00:00,1900.0,16099.570421643253,17144.36046790379,16049.033363073611
2021-09-10 00:00:00+00:00,1900.0,16099.570421643253,17144.36046790379,15514.85243829875
2021-09-11 00:00:00+00:00,1900.0,16099.570421643253,17144.36046790379,15626.508680502846
2021-09-12 00:00:00+00:00,1900.0,16099.570421643253,17144.36046790379,15921.077343520681
2021-09-13 00:00:00+00:00,1900.0,16099.570421643253,17144.36046790379,15545.923024068537
2021-09-14 00:00:00+00:00,1900.0,16099.570421643253,17144.36046790379,16296.843942385121
2021-09-15 00:00:00+00:00,1900.0,16099.570421643253,17144.36046790379,16646.185668760656
2021-09-16 00:00:00+00:00,1900.0,16099.570421643253,17144.36046790379,16513.49399657815
2021-09-17 00:00:00+00:00,1900.0,16099.570421643253,17144.36046790379,16362.036133369025
2021-09-18 00:00:00+00:00,1900.0,16099.570421643253,17144.36046790379,16705.45224034758
2021-09-19 00:00:00+00:00,1900.0,16099.570421643253,17144.36046790379,16341.893178466167
2021-09-20 00:00:00+00:00,1900.0,16099.570421643253,17144.36046790379,14879.987871861073
2021-09-21 00:00:00+00:00,1900.0,16099.570421643253,17144.36046790379,14090.860026376004
2021-09-22 00:00:00+00:00,1900.0,16099.570421643253,17144.36046790379,15062.630474628717
2021-09-23 00:00:00+00:00,1900.0,16099.570421643253,17144.36046790379,15519.816398505793
2021-09-24 00:00:00+00:00,1900.0,16099.570421643253,17144.36046790379,14809.05685858903
2021-09-25 00:00:00+00:00,1900.0,16099.570421643253,17144.36046790379,14760.65219296037
2021-09-26 00:00:00+00:00,1900.0,16099.570421643253,17144.36046790379,14930.243212549502
2021-09-27 00:00:00+00:00,1900.0,16099.570421643253,17144.36046790379,14579.635416880747
2021-09-28 00:00:00+00:00,1900.0,16099.570421643253,17144.36046790379,14191.924180667933
2021-09-29 00:00:00+00:00,1900.0,16099.570421643253,17144.36046790379,14364.10268613502
2021-09-30 00:00:00+00:00,1900.0,16099.570421643253,17144.36046790379,15159.657735846346
2021-10-01 00:00:00+00:00,2000.0,16199.570421643253,17244.36046790379,16753.173264313424
2021-10-02 00:00:00+00:00,2000.0,16199.570421643253,17244.36046790379,16576.68849779629
2021-10-03 00:00:00+00:00,2000.0,16199.570421643253,17244.36046790379,16773.343732445457
2021-10-04 00:00:00+00:00,2000.0,16199.570421643253,17244.36046790379,17130.01384914658
2021-10-05 00:00:00+00:00,2000.0,16199.570421643253,17244.36046790379,17911.975139901326
2021-10-06 00:00:00+00:00,2000.0,16199.570421643253,17244.36046790379,19249.321910103765
2021-10-07 00:00:00+00:00,2000.0,16199.570421643253,17244.36046790379,18716.966714015205
2021-10-08 00:00:00+00:00,2000.0,16199.570421643253,17244.36046790379,18774.806898317445
2021-10-09 00:00:00+00:00,2000.0,16199.570421643253,17244.36046790379,19122.20643858026
2021-10-10 00:00:00+00:00,2000.0,16199.570421643253,17244.36046790379,19021.03744525647
2021-10-11 00:00:00+00:00,2000.0,16199.570421643253,17244.36046790379,19999.72008963648
2021-10-12 00:00:00+00:00,2000.0,16199.570421643253,17244.36046790379,19486.629875215523
2021-10-13 00:00:00+00:00,2000.0,16199.570421643253,17244.36046790379,19963.406851973654
2021-10-14 00:00:00+00:00,2000.0,16199.570421643253,17244.36046790379,19956.774074687084
2021-10-15 00:00:00+00:00,2000.0,16199.570421643253,17244.36046790379,21461.669810270658
2021-10-16 00:00:00+00:00,2000.0,16199.570421643253,17244.36046790379,21184.370304457298
2021-10-17 00:00:00+00:00,2000.0,16199.570421643253,17244.36046790379,21411.527266764795
2021-10-18 00:00:00+00:00,2000.0,16199.570421643253,17244.36046790379,21579.090151930373
2021-10-19 00:00:00+00:00,2000.0,16199.570421643253,17244.36046790379,22369.29891496695
2021-10-20 00:00:00+00:00,2000.0,16199.570421643253,17244.36046790379,22968.13500155006
2021-10-21 00:00:00+00:00,2000.0,16199.570421643253,17244.36046790379,21642.881044081532
2021-10-22 00:00:00+00:00,2000.0,16199.570421643253,17244.36046790379,21119.17351407751
2021-10-23 00:00:00+00:00,2000.0,16199.570421643253,17244.36046790379,21327.45872862789
2021-10-24 00:00:00+00:00,2000.0,16199.570421643253,17244.36046790379,21176.244630289333
2021-10-25 00:00:00+00:00,2000.0,16199.570421643253,17244.36046790379,21951.075511463707
2021-10-26 00:00:00+00:00,2000.0,16199.570421643253,17244.36046790379,20994.100770920853
2021-10-27 00:00:00+00:00,2000.0,16199.570421643253,17244.36046790379,20327.562332758414
2021-10-28 00:00:00+00:00,2000.0,16199.570421643253,17244.36046790379,21080.08327941852
2021-10-29 00:00:00+00:00,2000.0,16199.570421643253,17244.36046790379,21663.955597726577
2021-10-30 00:00:00+00:00,2000.0,16199.570421643253,17244.36046790379,21526.66476377604
2021-10-31 00:00:00+00:00,2000.0,16199.570421643253,17244.36046790379,21332.000058302066
2021-11-01 00:00:00+00:00,2100.0,16299.570421643253,17344.36046790379,21296.738032933932
2021-11-02 00:00:00+00:00,2100.0,16299.570421643253,17344.36046790379,22103.848961535143
2021-11-03 00:00:00+00:00,2100.0,16299.570421643253,17344.36046790379,21990.738912363257
2021-11-04 00:00:00+00:00,2100.0,16299.570421643253,17344.36046790379,21465.774164658043
2021-11-05 00:00:00+00:00,2100.0,16299.570421643253,17344.36046790379,21305.680317743525
2021-11-06 00:00:00+00:00,2100.0,16299.570421643253,17344.36046790379,21492.206484269165
2021-11-07 00:00:00+00:00,2100.0,16299.570421643253,17344.36046790379,22122.589336285888
2021-11-08 00:00:00+00:00,2100.0,16299.570421643253,17344.36046790379,23609.316409608713
2021-11-09 00:00:00+00:00,2100.0,16299.570421643253,17344.36046790379,23407.168602339356
2021-11-10 00:00:00+00:00,2100.0,16299.570421643253,17344.36046790379,22685.09427124833
2021-11-11 00:00:00+00:00,2100.0,16299.570421643253,17344.36046790379,22647.274376905272
2021-11-12 00:00:00+00:00,2100.0,16299.570421643253,17344.36046790379,22419.302612936473
2021-11-13 00:00:00+00:00,2100.0,16299.570421643253,17344.36046790379,22509.427732330114
2021-11-14 00:00:00+00:00,2100.0,16299.570421643253,17344.36046790379,22907.695659169152
2021-11-15 00:00:00+00:00,2100.0,16299.570421643253,17344.36046790379,22239.06985584205
2021-11-16 00:00:00+00:00,2100.0,16299.570421643253,17344.36046790379,20998.614382578584
2021-11-17 00:00:00+00:00,2100.0,16299.570421643253,17344.36046790379,21098.609665763524
2021-11-18 00:00:00+00:00,2100.0,16299.570421643253,17344.36046790379,19891.236548076835
2021-11-19 00:00:00+00:00,2100.0,16299.570421643253,17344.36046790379,20297.028595524753
2021-11-20 00:00:00+00:00,2100.0,16299.570421643253,17344.36046790379,20875.76703048117
2021-11-21 00:00:00+00:00,2100.0,16299.570421643253,17344.36046790379,20496.24297473145
2021-11-22 00:00:00+00:00,2100.0,16299.570421643253,17344.36046790379,19665.91850508487
2021-11-23 00:00:00+00:00,2100.0,16299.570421643253,17344.36046790379,20118.376183465283
2021-11-24 00:00:00+00:00,2100.0,16299.570421643253,17344.36046790379,19977.48073165456
2021-11-25 00:00:00+00:00,2100.0,16299.570421643253,17344.36046790379,20614.538094006948
2021-11-26 00:00:00+00:00,2100.0,16299.570421643253,17344.36046790379,18784.613922706834
2021-11-27 00:00:00+00:00,2100.0,16299.570421643253,17344.36046790379,19132.324793781736
2021-11-28 00:00:00+00:00,2100.0,16299.570421643253,17344.36046790379,20025.2372202218
2021-11-29 00:00:00+00:00,2100.0,16299.570421643253,17344.36046790379,20200.533147251288
2021-11-30 00:00:00+00:00,2100.0,16299.570421643253,17344.36046790379,19911.843967625508
2021-12-01 00:00:00+00:00,2200.0,16399.570421643253,17444.36046790379,20093.486969641293
2021-12-02 00:00:00+00:00,2200.0,16399.570421643253,17444.36046790379,19846.058376718443
2021-12-03 00:00:00+00:00,2200.0,16399.570421643253,17444.36046790379,18834.33363456035
2021-12-04 00:00:00+00:00,2200.0,16399.570421643253,17444.36046790379,17271.191869239847
2021-12-05 00:00:00+00:00,2200.0,16399.570421643253,17444.36046790379,17356.879380960676
2021-12-06 00:00:00+00:00,2200.0,16399.570421643253,17444.36046790379,17724.278730506252
2021-12-07 00:00:00+00:00,2200.0,16399.570421643253,17444.36046790379,17775.942122814602
2021-12-08 00:00:00+00:00,2200.0,16399.570421643253,17444.36046790379,17734.563621296333
2021-12-09 00:00:00+00:00,2200.0,16399.570421643253,17444.36046790379,16706.56647420183
2021-12-10 00:00:00+00:00,2200.0,16399.570421643253,17444.36046790379,16564.24003024824
2021-12-11 00:00:00+00:00,2200.0,16399.570421643253,17444.36046790379,17354.651632152712
2021-12-12 00:00:00+00:00,2200.0,16399.570421643253,17444.36046790379,17587.936286899607
2021-12-13 00:00:00+00:00,2200.0,16399.570421643253,17444.36046790379,16410.409407119136
2021-12-14 00:00:00+00:00,2200.0,16399.570421643253,17444.36046790379,16986.858737076393
2021-12-15 00:00:00+00:00,2200.0,16399.570421643253,17444.36046790379,17170.17365081689
2021-12-16 00:00:00+00:00,2200.0,16399.570421643253,17444.36046790379,16737.06273903514
2021-12-17 00:00:00+00:00,2200.0,16399.570421643253,17444.36046790379,16209.57820346113
2021-12-18 00:00:00+00:00,2200.0,16399.570421643253,17444.36046790379,16456.69668637357
2021-12-19 00:00:00+00:00,2200.0,16399.570421643253,17444.36046790379,16402.847710849834
2021-12-20 00:00:00+00:00,2200.0,16399.570421643253,17444.36046790379,16484.694639846526
2021-12-21 00:00:00+00:00,2200.0,16399.570421643253,17444.36046790379,17178.923011277187
2021-12-22 00:00:00+00:00,2200.0,16399.570421643253,17444.36046790379,17072.90465633415
2021-12-23 00:00:00+00:00,2200.0,16399.570421643253,17444.36046790379,17863.73791416442
2021-12-24 00:00:00+00:00,2200.0,16399.570421643253,17444.36046790379,17857.128457527546
2021-12-25 00:00:00+00:00,2200.0,16399.570421643253,17444.36046790379,17709.429414319417
2021-12-26 00:00:00+00:00,2200.0,16399.570421643253,17444.36046790379,17841.488536479836
2021-12-27 00:00:00+00:00,2200.0,16399.570421643253,17444.36046790379,17815.468852058744
2021-12-28 00:00:00+00:00,2200.0,16399.570421643253,17444.36046790379,16705.916421316226
2021-12-29 00:00:00+00:00,2200.0,16399.570421643253,17444.36046790379,16326.749357641516
2021-12-30 00:00:00+00:00,2200.0,16399.570421643253,17444.36046790379,16557.32838686454
2021-12-31 00:00:00+00:00,2200.0,16399.570421643253,17444.36046790379,16239.702005559986
2022-01-01 00:00:00+00:00,2300.0,16499.570421643253,17544.36046790379,16868.781806053266
2022-01-02 00:00:00+00:00,2300.0,16499.570421643253,17544.36046790379,16714.348572688166
2022-01-03 00:00:00+00:00,2300.0,16499.570421643253,17544.36046790379,16417.403673587753
2022-01-04 00:00:00+00:00,2300.0,16499.570421643253,17544.36046790379,16200.33994978934
2022-01-05 00:00:00+00:00,2300.0,16499.570421643253,17544.36046790379,15358.76513385492
2022-01-06 00:00:00+00:00,2300.0,16499.570421643253,17544.36046790379,15228.397528762294
2022-01-07 00:00:00+00:00,2300.0,16499.570421643253,17544.36046790379,14692.5938119694
2022-01-08 00:00:00+00:00,2300.0,16499.570421643253,17544.36046790379,14732.628069744982
2022-01-09 00:00:00+00:00,2300.0,16499.570421643253,17544.36046790379,14797.978004210374
2022-01-10 00:00:00+00:00,2300.0,16499.570421643253,17544.36046790379,14783.086221762152
2022-01-11 00:00:00+00:00,2300.0,16499.570421643253,17544.36046790379,15103.614783927962
2022-01-12 00:00:00+00:00,2300.0,16499.570421643253,17544.36046790379,15518.368421983207
2022-01-13 00:00:00+00:00,2300.0,16499.570421643253,17544.36046790379,15043.814362504041
2022-01-14 00:00:00+00:00,2300.0,16499.570421643253,17544.36046790379,15220.497425801988
2022-01-15 00:00:00+00:00,2300.0,16499.570421643253,17544.36046790379,15229.097403655423
2022-01-16 00:00:00+00:00,2300.0,16499.570421643253,17544.36046790379,15224.633050170472
2022-01-17 00:00:00+00:00,2300.0,16499.570421643253,17544.36046790379,14917.0981249094
2022-01-18 00:00:00+00:00,2300.0,16499.570421643253,17544.36046790379,14970.295686230478
2022-01-19 00:00:00+00:00,2300.0,16499.570421643253,17544.36046790379,14725.654063865482
2022-01-20 00:00:00+00:00,2300.0,16499.570421643253,17544.36046790379,14379.569463935462
2022-01-21 00:00:00+00:00,2300.0,16499.570421643253,17544.36046790379,12882.402748111133
2022-01-22 00:00:00+00:00,2300.0,16499.570421643253,17544.36046790379,12396.770870879127
2022-01-23 00:00:00+00:00,2300.0,16499.570421643253,17544.36046790379,12811.439675613994
2022-01-24 00:00:00+00:00,2300.0,16499.570421643253,17544.36046790379,12958.413403170833
2022-01-25 00:00:00+00:00,2300.0,16499.570421643253,17544.36046790379,13063.737505143205
2022-01-26 00:00:00+00:00,2300.0,16499.570421643253,17544.36046790379,13011.077221517859
2022-01-27 00:00:00+00:00,2300.0,16499.570421643253,17544.36046790379,13135.061119251957
2022-01-28 00:00:00+00:00,2300.0,16499.570421643253,17544.36046790379,13331.754241994331
2022-01-29 00:00:00+00:00,2300.0,16499.570421643253,17544.36046790379,13490.915689912306
2022-01-30 00:00:00+00:00,2300.0,16499.570421643253,17544.36046790379,13390.147844188634
2022-01-31 00:00:00+00:00,2300.0,16499.570421643253,17544.36046790379,13596.978548716315
2022-02-01 00:00:00+00:00,2400.0,16599.570421643253,17644.36046790379,13777.46062670433
2022-02-02 00:00:00+00:00,2400.0,16599.570421643253,17644.36046790379,13137.043681388397
2022-02-03 00:00:00+00:00,2400.0,16599.570421643253,17644.36046790379,13284.894509727466
2022-02-04 00:00:00+00:00,2400.0,16599.570421643253,17644.36046790379,14802.618422818987
2022-02-05 00:00:00+00:00,2400.0,16599.570421643253,17644.36046790379,14734.377387877466
2022-02-06 00:00:00+00:00,2400.0,16599.570421643253,17644.36046790379,15089.81754420336
2022-02-07 00:00:00+00:00,2400.0,16599.570421643253,17644.36046790379,15609.340965386029
2022-02-08 00:00:00+00:00,2400.0,16599.570421643253,17644.36046790379,15681.619636434389
2022-02-09 00:00:00+00:00,2400.0,16599.570421643253,17644.36046790379,15799.020849265797
2022-02-10 00:00:00+00:00,2400.0,16599.570421643253,17644.36046790379,15486.663053515527
2022-02-11 00:00:00+00:00,2400.0,16599.570421643253,17644.36046790379,15087.275328876833
2022-02-12 00:00:00+00:00,2400.0,16599.570421643253,17644.36046790379,15031.780975824628
2022-02-13 00:00:00+00:00,2400.0,16599.570421643253,17644.36046790379,14973.313583840141
2022-02-14 00:00:00+00:00,2400.0,16599.570421643253,17644.36046790379,15145.03061572784
2022-02-15 00:00:00+00:00,2400.0,16599.570421643253,17644.36046790379,15860.311738104538
2022-02-16 00:00:00+00:00,2400.0,16599.570421643253,17644.36046790379,15621.293650051513
2022-02-17 00:00:00+00:00,2400.0,16599.570421643253,17644.36046790379,14425.718978295632
2022-02-18 00:00:00+00:00,2400.0,16599.570421643253,17644.36046790379,14233.00196602157
2022-02-19 00:00:00+00:00,2400.0,16599.570421643253,17644.36046790379,14270.29135133632
2022-02-20 00:00:00+00:00,2400.0,16599.570421643253,17644.36046790379,13667.750713692392
2022-02-21 00:00:00+00:00,2400.0,16599.570421643253,17644.36046790379,13176.850358350006
2022-02-22 00:00:00+00:00,2400.0,16599.570421643253,17644.36046790379,13612.00712384347
2022-02-23 00:00:00+00:00,2400.0,16599.570421643253,17644.36046790379,13262.961671616242
2022-02-24 00:00:00+00:00,2400.0,16599.570421643253,17644.36046790379,13646.501496509307
2022-02-25 00:00:00+00:00,2400.0,16599.570421643253,17644.36046790379,13964.08614393933
2022-02-26 00:00:00+00:00,2400.0,16599.570421643253,17644.36046790379,13927.608558476748
2022-02-27 00:00:00+00:00,2400.0,16599.570421643253,17644.36046790379,13422.850637236814
2022-02-28 00:00:00+00:00,2400.0,16599.570421643253,17644.36046790379,15367.22878052803
2022-03-01 00:00:00+00:00,2500.0,16699.570421643253,17744.36046790379,15916.282277701383
2022-03-02 00:00:00+00:00,2500.0,16699.570421643253,17744.36046790379,15726.86907790206
2022-03-03 00:00:00+00:00,2500.0,16699.570421643253,17744.36046790379,15211.28207365401
2022-03-04 00:00:00+00:00,2500.0,16699.570421643253,17744.36046790379,14026.977671493283
2022-03-05 00:00:00+00:00,2500.0,16699.570421643253,17744.36046790379,14116.301942962684
2022-03-06 00:00:00+00:00,2500.0,16699.570421643253,17744.36046790379,13766.188778637272
2022-03-07 00:00:00+00:00,2500.0,16699.570421643253,17744.36046790379,13611.112814198157
2022-03-08 00:00:00+00:00,2500.0,16699.570421643253,17744.36046790379,13877.197385884161
2022-03-09 00:00:00+00:00,2500.0,16699.570421643253,17744.36046790379,15027.728399241418
2022-03-10 00:00:00+00:00,2500.0,16699.570421643253,17744.36046790379,14124.915482818778
2022-03-11 00:00:00+00:00,2500.0,16699.570421643253,17744.36046790379,13876.817587537762
2022-03-12 00:00:00+00:00,2500.0,16699.570421643253,17744.36046790379,13904.68976995896
2022-03-13 00:00:00+00:00,2500.0,16699.570421643253,17744.36046790379,13535.633267356023
2022-03-14 00:00:00+00:00,2500.0,16699.570421643253,17744.36046790379,14214.264835311056
2022-03-15 00:00:00+00:00,2500.0,16699.570421643253,17744.36046790379,14074.155075522069
2022-03-16 00:00:00+00:00,2500.0,16699.570421643253,17744.36046790379,14731.159635751896
2022-03-17 00:00:00+00:00,2500.0,16699.570421643253,17744.36046790379,14660.896941667863
2022-03-18 00:00:00+00:00,2500.0,16699.570421643253,17744.36046790379,14961.729479046218
2022-03-19 00:00:00+00:00,2500.0,16699.570421643253,17744.36046790379,15120.67867001796
2022-03-20 00:00:00+00:00,2500.0,16699.570421643253,17744.36046790379,14784.227497153151
2022-03-21 00:00:00+00:00,2500.0,16699.570421643253,17744.36046790379,14691.11957423282
2022-03-22 00:00:00+00:00,2500.0,16699.570421643253,17744.36046790379,15179.081623285158
2022-03-23 00:00:00+00:00,2500.0,16699.570421643253,17744.36046790379,15364.906921769616
2022-03-24 00:00:00+00:00,2500.0,16699.570421643253,17744.36046790379,15762.154494084596
2022-03-25 00:00:00+00:00,2500.0,16699.570421643253,17744.36046790379,15877.419709213786
2022-03-26 00:00:00+00:00,2500.0,16699.570421643253,17744.36046790379,15948.40258695467
2022-03-27 00:00:00+00:00,2500.0,16699.570421643253,17744.36046790379,16778.401710966515
2022-03-28 00:00:00+00:00,2500.0,16699.570421643253,17744.36046790379,16883.9032421906
2022-03-29 00:00:00+00:00,2500.0,16699.570421643253,17744.36046790379,16995.904341342706
2022-03-30 00:00:00+00:00,2500.0,16699.570421643253,17744.36046790379,16864.476198471904
2022-03-31 00:00:00+00:00,2500.0,16699.570421643253,17744.36046790379,16306.369694443374
2022-04-01 00:00:00+00:00,2600.0,16799.570421643253,17844.36046790379,16683.389592103093
2022-04-02 00:00:00+00:00,2600.0,16799.570421643253,17844.36046790379,16512.924733624517
2022-04-03 00:00:00+00:00,2600.0,16799.570421643253,17844.36046790379,16727.883644473375
2022-04-04 00:00:00+00:00,2600.0,16799.570421643253,17844.36046790379,16790.30048861287
2022-04-05 00:00:00+00:00,2600.0,16799.570421643253,17844.36046790379,16399.939287819918
2022-04-06 00:00:00+00:00,2600.0,16799.570421643253,17844.36046790379,15561.125533718872
2022-04-07 00:00:00+00:00,2600.0,16799.570421643253,17844.36046790379,15659.789997670494
2022-04-08 00:00:00+00:00,2600.0,16799.570421643253,17844.36046790379,15230.05961394317
2022-04-09 00:00:00+00:00,2600.0,16799.570421643253,17844.36046790379,15410.994928590091
2022-04-10 00:00:00+00:00,2600.0,16799.570421643253,17844.36046790379,15196.479380632729
2022-04-11 00:00:00+00:00,2600.0,16799.570421643253,17844.36046790379,14249.05253184404
2022-04-12 00:00:00+00:00,2600.0,16799.570421643253,17844.36046790379,14445.31810972296
2022-04-13 00:00:00+00:00,2600.0,16799.570421643253,17844.36046790379,14832.035083822391
2022-04-14 00:00:00+00:00,2600.0,16799.570421643253,17844.36046790379,14397.53584557921
2022-04-15 00:00:00+00:00,2600.0,16799.570421643253,17844.36046790379,14617.241983485803
2022-04-16 00:00:00+00:00,2600.0,16799.570421643253,17844.36046790379,14554.814325617246
2022-04-17 00:00:00+00:00,2600.0,16799.570421643253,17844.36046790379,14302.281310858129
2022-04-18 00:00:00+00:00,2600.0,16799.570421643253,17844.36046790379,14707.078839947377
2022-04-19 00:00:00+00:00,2600.0,16799.570421643253,17844.36046790379,14956.533546500496
2022-04-20 00:00:00+00:00,2600.0,16799.570421643253,17844.36046790379,14907.875370302814
2022-04-21 00:00:00+00:00,2600.0,16799.570421643253,17844.36046790379,14591.32868407954
2022-04-22 00:00:00+00:00,2600.0,16799.570421643253,17844.36046790379,14313.477125012509
2022-04-23 00:00:00+00:00,2600.0,16799.570421643253,17844.36046790379,14217.025870942018
2022-04-24 00:00:00+00:00,2600.0,16799.570421643253,17844.36046790379,14220.100574571665
2022-04-25 00:00:00+00:00,2600.0,16799.570421643253,17844.36046790379,14571.889203804401
2022-04-26 00:00:00+00:00,2600.0,16799.570421643253,17844.36046790379,13737.995696426065
2022-04-27 00:00:00+00:00,2600.0,16799.570421643253,17844.36046790379,14142.814852973439
2022-04-28 00:00:00+00:00,2600.0,16799.570421643253,17844.36046790379,14325.332576639605
2022-04-29 00:00:00+00:00,2600.0,16799.570421643253,17844.36046790379,13912.262544818768
2022-04-30 00:00:00+00:00,2600.0,16799.570421643253,17844.36046790379,13564.309184826297
2022-05-01 00:00:00+00:00,2700.0,16899.570421643253,17944.36046790379,13966.210477324763
2022-05-02 00:00:00+00:00,2700.0,16899.570421643253,17944.36046790379,13986.68350609667
2022-05-03 00:00:00+00:00,2700.0,16899.570421643253,17944.36046790379,13697.616899380713
2022-05-04 00:00:00+00:00,2700.0,16899.570421643253,17944.36046790379,14409.582422421523
2022-05-05 00:00:00+00:00,2700.0,16899.570421643253,17944.36046790379,13270.673570151204
2022-05-06 00:00:00+00:00,2700.0,16899.570421643253,17944.36046790379,13074.915272288525
2022-05-07 00:00:00+00:00,2700.0,16899.570421643253,17944.36046790379,12878.365518399623
2022-05-08 00:00:00+00:00,2700.0,16899.570421643253,17944.36046790379,12357.750827093798
2022-05-09 00:00:00+00:00,2700.0,16899.570421643253,17944.36046790379,10919.301282622844
2022-05-10 00:00:00+00:00,2700.0,16899.570421643253,17944.36046790379,11260.85812432579
2022-05-11 00:00:00+00:00,2700.0,16899.570421643253,17944.36046790379,10566.279220136323
2022-05-12 00:00:00+00:00,2700.0,16899.570421643253,17944.36046790379,10539.344301519053
2022-05-13 00:00:00+00:00,2700.0,16899.570421643253,17944.36046790379,10632.757895807012
2022-05-14 00:00:00+00:00,2700.0,16899.570421643253,17944.36046790379,10923.087927739143
2022-05-15 00:00:00+00:00,2700.0,16899.570421643253,17944.36046790379,11374.054488737149
2022-05-16 00:00:00+00:00,2700.0,16899.570421643253,17944.36046790379,10845.855615602035
2022-05-17 00:00:00+00:00,2700.0,16899.570421643253,17944.36046790379,11053.129961699515
2022-05-18 00:00:00+00:00,2700.0,16899.570421643253,17944.36046790379,10425.18947659887
2022-05-19 00:00:00+00:00,2700.0,16899.570421643253,17944.36046790379,11007.4941715635
2022-05-20 00:00:00+00:00,2700.0,16899.570421643253,17944.36046790379,10601.520796496727
2022-05-21 00:00:00+00:00,2700.0,16899.570421643253,17944.36046790379,10690.123935579419
2022-05-22 00:00:00+00:00,2700.0,16899.570421643253,17944.36046790379,10998.31255555284
2022-05-23 00:00:00+00:00,2700.0,16899.570421643253,17944.36046790379,10568.170727428358
2022-05-24 00:00:00+00:00,2700.0,16899.570421643253,17944.36046790379,10766.19084687057
2022-05-25 00:00:00+00:00,2700.0,16899.570421643253,17944.36046790379,10725.372773004285
2022-05-26 00:00:00+00:00,2700.0,16899.570421643253,17944.36046790379,10601.64423459256
2022-05-27 00:00:00+00:00,2700.0,16899.570421643253,17944.36046790379,10394.141164964569
2022-05-28 00:00:00+00:00,2700.0,16899.570421643253,17944.36046790379,10539.917925611455
2022-05-29 00:00:00+00:00,2700.0,16899.570421643253,17944.36046790379,10698.488681838238
2022-05-30 00:00:00+00:00,2700.0,16899.570421643253,17944.36046790379,11521.210851631584
2022-05-31 00:00:00+00:00,2700.0,16899.570421643253,17944.36046790379,11545.470067995057
2022-06-01 00:00:00+00:00,2800.0,16999.570421643253,18044.36046790379,10921.102646855232
2022-06-02 00:00:00+00:00,2800.0,16999.570421643253,18044.36046790379,11157.93627755196
2022-06-03 00:00:00+00:00,2800.0,16999.570421643253,18044.36046790379,10882.250873977724
2022-06-04 00:00:00+00:00,2800.0,16999.570421643253,18044.36046790379,10942.278704106999
2022-06-05 00:00:00+00:00,2800.0,16999.570421643253,18044.36046790379,10962.493166587814
2022-06-06 00:00:00+00:00,2800.0,16999.570421643253,18044.36046790379,11495.203060664908
2022-06-07 00:00:00+00:00,2800.0,16999.570421643253,18044.36046790379,11404.419349066728
2022-06-08 00:00:00+00:00,2800.0,16999.570421643253,18044.36046790379,11067.12325370077
2022-06-09 00:00:00+00:00,2800.0,16999.570421643253,18044.36046790379,11032.373577759487
2022-06-10 00:00:00+00:00,2800.0,16999.570421643253,18044.36046790379,10659.35683807135
2022-06-11 00:00:00+00:00,2800.0,16999.570421643253,18044.36046790379,10414.89997604578
2022-06-12 00:00:00+00:00,2800.0,16999.570421643253,18044.36046790379,9736.991836692307
2022-06-13 00:00:00+00:00,2800.0,16999.570421643253,18044.36046790379,8239.458142753718
2022-06-14 00:00:00+00:00,2800.0,16999.570421643253,18044.36046790379,8110.8506326800125
2022-06-15 00:00:00+00:00,2800.0,16999.570421643253,18044.36046790379,8274.746431344029
2022-06-16 00:00:00+00:00,2800.0,16999.570421643253,18044.36046790379,7475.104505247286
2022-06-17 00:00:00+00:00,2800.0,16999.570421643253,18044.36046790379,7499.836718722999
2022-06-18 00:00:00+00:00,2800.0,16999.570421643253,18044.36046790379,6950.9574530802265
2022-06-19 00:00:00+00:00,2800.0,16999.570421643253,18044.36046790379,7538.378667397224
2022-06-20 00:00:00+00:00,2800.0,16999.570421643253,18044.36046790379,7538.338363049337
2022-06-21 00:00:00+00:00,2800.0,16999.570421643253,18044.36046790379,7593.163268269647
2022-06-22 00:00:00+00:00,2800.0,16999.570421643253,18044.36046790379,7323.662750080151
2022-06-23 00:00:00+00:00,2800.0,16999.570421643253,18044.36046790379,7734.818394963651
2022-06-24 00:00:00+00:00,2800.0,16999.570421643253,18044.36046790379,7781.556782385308
2022-06-25 00:00:00+00:00,2800.0,16999.570421643253,18044.36046790379,7874.439984105207
2022-06-26 00:00:00+00:00,2800.0,16999.570421643253,18044.36046790379,7708.415383066468
2022-06-27 00:00:00+00:00,2800.0,16999.570421643253,18044.36046790379,7600.1395844856115
2022-06-28 00:00:00+00:00,2800.0,16999.570421643253,18044.36046790379,7431.128797671656
2022-06-29 00:00:00+00:00,2800.0,16999.570421643253,18044.36046790379,7373.1345050948285
2022-06-30 00:00:00+00:00,2800.0,16999.570421643253,18044.36046790379,7306.888813296178
2022-07-01 00:00:00+00:00,2900.0,17099.570421643253,18144.36046790379,7164.179694356226
2022-07-02 00:00:00+00:00,2900.0,17099.570421643253,18144.36046790379,7153.99752297823
2022-07-03 00:00:00+00:00,2900.0,17099.570421643253,18144.36046790379,7177.414620217443
2022-07-04 00:00:00+00:00,2900.0,17099.570421643253,18144.36046790379,7519.5970465209375
2022-07-05 00:00:00+00:00,2900.0,17099.570421643253,18144.36046790379,7496.975134748116
2022-07-06 00:00:00+00:00,2900.0,17099.570421643253,18144.36046790379,7641.4016240362325
2022-07-07 00:00:00+00:00,2900.0,17099.570421643253,18144.36046790379,8035.45318083198
2022-07-08 00:00:00+00:00,2900.0,17099.570421643253,18144.36046790379,8024.220257164234
2022-07-09 00:00:00+00:00,2900.0,17099.570421643253,18144.36046790379,8023.135237742805
2022-07-10 00:00:00+00:00,2900.0,17099.570421643253,18144.36046790379,7752.118194861303
2022-07-11 00:00:00+00:00,2900.0,17099.570421643253,18144.36046790379,7418.118004057767
2022-07-12 00:00:00+00:00,2900.0,17099.570421643253,18144.36046790379,7182.215459575275
2022-07-13 00:00:00+00:00,2900.0,17099.570421643253,18144.36046790379,7518.913335652639
2022-07-14 00:00:00+00:00,2900.0,17099.570421643253,18144.36046790379,7650.442213941503
2022-07-15 00:00:00+00:00,2900.0,17099.570421643253,18144.36046790379,7740.067790807547
2022-07-16 00:00:00+00:00,2900.0,17099.570421643253,18144.36046790379,7875.903304402701
2022-07-17 00:00:00+00:00,2900.0,17099.570421643253,18144.36046790379,7728.221756850294
2022-07-18 00:00:00+00:00,2900.0,17099.570421643253,18144.36046790379,8335.542798895902
2022-07-19 00:00:00+00:00,2900.0,17099.570421643253,18144.36046790379,8693.762704044912
2022-07-20 00:00:00+00:00,2900.0,17099.570421643253,18144.36046790379,8629.360112907172
2022-07-21 00:00:00+00:00,2900.0,17099.570421643253,18144.36046790379,8602.936917339408
2022-07-22 00:00:00+00:00,2900.0,17099.570421643253,18144.36046790379,8429.274356791671
2022-07-23 00:00:00+00:00,2900.0,17099.570421643253,18144.36046790379,8342.41334995831
2022-07-24 00:00:00+00:00,2900.0,17099.570421643253,18144.36046790379,8390.20251016039
2022-07-25 00:00:00+00:00,2900.0,17099.570421643253,18144.36046790379,7918.74670826943
2022-07-26 00:00:00+00:00,2900.0,17099.570421643253,18144.36046790379,7897.852652767034
2022-07-27 00:00:00+00:00,2900.0,17099.570421643253,18144.36046790379,8528.717129929692
2022-07-28 00:00:00+00:00,2900.0,17099.570421643253,18144.36046790379,8859.603463626521
2022-07-29 00:00:00+00:00,2900.0,17099.570421643253,18144.36046790379,8833.897421306485
2022-07-30 00:00:00+00:00,2900.0,17099.570421643253,18144.36046790379,8785.502582454768
2022-07-31 00:00:00+00:00,2900.0,17099.570421643253,18144.36046790379,8655.378284101867
2022-08-01 00:00:00+00:00,3000.0,17199.570421643253,18244.36046790379,8745.973543842829
2022-08-02 00:00:00+00:00,3000.0,17199.570421643253,18244.36046790379,8640.499568858762
2022-08-03 00:00:00+00:00,3000.0,17199.570421643253,18244.36046790379,8576.819091659516
2022-08-04 00:00:00+00:00,3000.0,17199.570421643253,18244.36046790379,8503.37718137761
2022-08-05 00:00:00+00:00,3000.0,17199.570421643253,18244.36046790379,8762.519361759192
2022-08-06 00:00:00+00:00,3000.0,17199.570421643253,18244.36046790379,8627.877738942867
2022-08-07 00:00:00+00:00,3000.0,17199.570421643253,18244.36046790379,8710.63755165524
2022-08-08 00:00:00+00:00,3000.0,17199.570421643253,18244.36046790379,8949.54646508112
2022-08-09 00:00:00+00:00,3000.0,17199.570421643253,18244.36046790379,8701.451204926698
2022-08-10 00:00:00+00:00,3000.0,17199.570421643253,18244.36046790379,9003.691033258143
2022-08-11 00:00:00+00:00,3000.0,17199.570421643253,18244.36046790379,8996.30136154443
2022-08-12 00:00:00+00:00,3000.0,17199.570421643253,18244.36046790379,9172.695005416666
2022-08-13 00:00:00+00:00,3000.0,17199.570421643253,18244.36046790379,9186.865433880906
2022-08-14 00:00:00+00:00,3000.0,17199.570421643253,18244.36046790379,9135.694024567336
2022-08-15 00:00:00+00:00,3000.0,17199.570421643253,18244.36046790379,9056.602736571434
2022-08-16 00:00:00+00:00,3000.0,17199.570421643253,18244.36046790379,8966.363042521176
2022-08-17 00:00:00+00:00,3000.0,17199.570421643253,18244.36046790379,8773.885774405311
2022-08-18 00:00:00+00:00,3000.0,17199.570421643253,18244.36046790379,8716.955984081867
2022-08-19 00:00:00+00:00,3000.0,17199.570421643253,18244.36046790379,7831.093715943781
2022-08-20 00:00:00+00:00,3000.0,17199.570421643253,18244.36046790379,7945.9907072686865
2022-08-21 00:00:00+00:00,3000.0,17199.570421643253,18244.36046790379,8087.146216697354
2022-08-22 00:00:00+00:00,3000.0,17199.570421643253,18244.36046790379,8043.62759050134
2022-08-23 00:00:00+00:00,3000.0,17199.570421643253,18244.36046790379,8092.224266791568
2022-08-24 00:00:00+00:00,3000.0,17199.570421643253,18244.36046790379,8031.693608969786
2022-08-25 00:00:00+00:00,3000.0,17199.570421643253,18244.36046790379,8103.470399938785
2022-08-26 00:00:00+00:00,3000.0,17199.570421643253,18244.36046790379,7608.0729725758165
2022-08-27 00:00:00+00:00,3000.0,17199.570421643253,18244.36046790379,7531.601522415348
2022-08-28 00:00:00+00:00,3000.0,17199.570421643253,18244.36046790379,7350.434285930492
2022-08-29 00:00:00+00:00,3000.0,17199.570421643253,18244.36046790379,7624.866997609828
2022-08-30 00:00:00+00:00,3000.0,17199.570421643253,18244.36046790379,7446.676678722764
2022-08-31 00:00:00+00:00,3000.0,17199.570421643253,18244.36046790379,7536.269870466433
2022-09-01 00:00:00+00:00,3100.0,17299.570421643253,18344.36046790379,7666.881002936663
2022-09-02 00:00:00+00:00,3100.0,17299.570421643253,18344.36046790379,7598.329910703841
2022-09-03 00:00:00+00:00,3100.0,17299.570421643253,18344.36046790379,7552.647232850996
2022-09-04 00:00:00+00:00,3100.0,17299.570421643253,18344.36046790379,7616.776633904839
2022-09-05 00:00:00+00:00,3100.0,17299.570421643253,18344.36046790379,7539.295826669596
2022-09-06 00:00:00+00:00,3100.0,17299.570421643253,18344.36046790379,7156.107422736052
2022-09-07 00:00:00+00:00,3100.0,17299.570421643253,18344.36046790379,7347.364602612963
2022-09-08 00:00:00+00:00,3100.0,17299.570421643253,18344.36046790379,7357.619975358687
2022-09-09 00:00:00+00:00,3100.0,17299.570421643253,18344.36046790379,8134.61393109621
2022-09-10 00:00:00+00:00,3100.0,17299.570421643253,18344.36046790379,8244.3765039332
2022-09-11 00:00:00+00:00,3100.0,17299.570421643253,18344.36046790379,8312.363570264213
2022-09-12 00:00:00+00:00,3100.0,17299.570421643253,18344.36046790379,8528.998323099724
2022-09-13 00:00:00+00:00,3100.0,17299.570421643253,18344.36046790379,7682.760608492722
2022-09-14 00:00:00+00:00,3100.0,17299.570421643253,18344.36046790379,7702.997166521232
2022-09-15 00:00:00+00:00,3100.0,17299.570421643253,18344.36046790379,7503.133546835434
2022-09-16 00:00:00+00:00,3100.0,17299.570421643253,18344.36046790379,7541.755897517623
2022-09-17 00:00:00+00:00,3100.0,17299.570421643253,18344.36046790379,7659.930694043922
2022-09-18 00:00:00+00:00,3100.0,17299.570421643253,18344.36046790379,7394.334438277933
2022-09-19 00:00:00+00:00,3100.0,17299.570421643253,18344.36046790379,7440.352234141036
2022-09-20 00:00:00+00:00,3100.0,17299.570421643253,18344.36046790379,7188.244478287916
2022-09-21 00:00:00+00:00,3100.0,17299.570421643253,18344.36046790379,7030.723780830008
2022-09-22 00:00:00+00:00,3100.0,17299.570421643253,18344.36046790379,7388.7935666310605
2022-09-23 00:00:00+00:00,3100.0,17299.570421643253,18344.36046790379,7346.248811965173
2022-09-24 00:00:00+00:00,3100.0,17299.570421643253,18344.36046790379,7205.571602681917
2022-09-25 00:00:00+00:00,3100.0,17299.570421643253,18344.36046790379,7162.493705726984
2022-09-26 00:00:00+00:00,3100.0,17299.570421643253,18344.36046790379,7322.6039514459735
2022-09-27 00:00:00+00:00,3100.0,17299.570421643253,18344.36046790379,7265.98043219006
2022-09-28 00:00:00+00:00,3100.0,17299.570421643253,18344.36046790379,7393.054896784222
2022-09-29 00:00:00+00:00,3100.0,17299.570421643253,18344.36046790379,7461.102893662554
2022-09-30 00:00:00+00:00,3100.0,17299.570421643253,18344.36046790379,7396.783084648338
2022-10-01 00:00:00+00:00,3200.0,17399.570421643253,18444.36046790379,7454.261178937696
2022-10-02 00:00:00+00:00,3200.0,17399.570421643253,18444.36046790379,7356.00542121839
2022-10-03 00:00:00+00:00,3200.0,17399.570421643253,18444.36046790379,7576.896168467042
2022-10-04 00:00:00+00:00,3200.0,17399.570421643253,18444.36046790379,7850.45825032384
2022-10-05 00:00:00+00:00,3200.0,17399.570421643253,18444.36046790379,7781.1510185911775
2022-10-06 00:00:00+00:00,3200.0,17399.570421643253,18444.36046790379,7704.8845008920425
2022-10-07 00:00:00+00:00,3200.0,17399.570421643253,18444.36046790379,7538.687642797537
2022-10-08 00:00:00+00:00,3200.0,17399.570421643253,18444.36046790379,7495.407291415361
2022-10-09 00:00:00+00:00,3200.0,17399.570421643253,18444.36046790379,7503.536107968547
2022-10-10 00:00:00+00:00,3200.0,17399.570421643253,18444.36046790379,7384.981216975635
2022-10-11 00:00:00+00:00,3200.0,17399.570421643253,18444.36046790379,7357.24056903274
2022-10-12 00:00:00+00:00,3200.0,17399.570421643253,18444.36046790379,7394.113591127979
2022-10-13 00:00:00+00:00,3200.0,17399.570421643253,18444.36046790379,7478.875609887684
2022-10-14 00:00:00+00:00,3200.0,17399.570421643253,18444.36046790379,7402.373642136438
2022-10-15 00:00:00+00:00,3200.0,17399.570421643253,18444.36046790379,7360.86495590047
2022-10-16 00:00:00+00:00,3200.0,17399.570421643253,18444.36046790379,7435.587538831668
2022-10-17 00:00:00+00:00,3200.0,17399.570421643253,18444.36046790379,7546.3185403880625
2022-10-18 00:00:00+00:00,3200.0,17399.570421643253,18444.36046790379,7460.468047616962
2022-10-19 00:00:00+00:00,3200.0,17399.570421643253,18444.36046790379,7381.931945808962
2022-10-20 00:00:00+00:00,3200.0,17399.570421643253,18444.36046790379,7350.261983881666
2022-10-21 00:00:00+00:00,3200.0,17399.570421643253,18444.36046790379,7397.5256869651175
2022-10-22 00:00:00+00:00,3200.0,17399.570421643253,18444.36046790379,7412.957314970641
2022-10-23 00:00:00+00:00,3200.0,17399.570421643253,18444.36046790379,7554.246645421416
2022-10-24 00:00:00+00:00,3200.0,17399.570421643253,18444.36046790379,7461.348090434687
2022-10-25 00:00:00+00:00,3200.0,17399.570421643253,18444.36046790379,7750.970953714943
2022-10-26 00:00:00+00:00,3200.0,17399.570421643253,18444.36046790379,8017.886396395776
2022-10-27 00:00:00+00:00,3200.0,17399.570421643253,18444.36046790379,7833.9728868392
2022-10-28 00:00:00+00:00,3200.0,17399.570421643253,18444.36046790379,7948.505827761637
2022-10-29 00:00:00+00:00,3200.0,17399.570421643253,18444.36046790379,8032.584655386529
2022-10-30 00:00:00+00:00,3200.0,17399.570421643253,18444.36046790379,7962.26228654395
2022-10-31 00:00:00+00:00,3200.0,17399.570421643253,18444.36046790379,7909.482876502047
2022-11-01 00:00:00+00:00,3300.0,17499.570421643253,18544.36046790379,8006.734672615119
2022-11-02 00:00:00+00:00,3300.0,17499.570421643253,18544.36046790379,7876.901722774194
2022-11-03 00:00:00+00:00,3300.0,17499.570421643253,18544.36046790379,7898.7830476775725
2022-11-04 00:00:00+00:00,3300.0,17499.570421643253,18544.36046790379,8266.481553154674
2022-11-05 00:00:00+00:00,3300.0,17499.570421643253,18544.36046790379,8325.445430640824
2022-11-06 00:00:00+00:00,3300.0,17499.570421643253,18544.36046790379,8171.52176265759
2022-11-07 00:00:00+00:00,3300.0,17499.570421643253,18544.36046790379,8048.61031900151
2022-11-08 00:00:00+00:00,3300.0,17499.570421643253,18544.36046790379,7249.695707175583
2022-11-09 00:00:00+00:00,3300.0,17499.570421643253,18544.36046790379,6223.868863607798
2022-11-10 00:00:00+00:00,3300.0,17499.570421643253,18544.36046790379,6879.894280512698
2022-11-11 00:00:00+00:00,3300.0,17499.570421643253,18544.36046790379,6672.400845148113
2022-11-12 00:00:00+00:00,3300.0,17499.570421643253,18544.36046790379,6571.46453700593
2022-11-13 00:00:00+00:00,3300.0,17499.570421643253,18544.36046790379,6382.971659046726
2022-11-14 00:00:00+00:00,3300.0,17499.570421643253,18544.36046790379,6496.173704514168
2022-11-15 00:00:00+00:00,3300.0,17499.570421643253,18544.36046790379,6606.05329085909
2022-11-16 00:00:00+00:00,3300.0,17499.570421643253,18544.36046790379,6513.098702161833
2022-11-17 00:00:00+00:00,3300.0,17499.570421643253,18544.36046790379,6524.746852967848
2022-11-18 00:00:00+00:00,3300.0,17499.570421643253,18544.36046790379,6527.830876788636
2022-11-19 00:00:00+00:00,3300.0,17499.570421643253,18544.36046790379,6527.920778623715
2022-11-20 00:00:00+00:00,3300.0,17499.570421643253,18544.36046790379,6363.5763153220805
2022-11-21 00:00:00+00:00,3300.0,17499.570421643253,18544.36046790379,6168.551873605545
2022-11-22 00:00:00+00:00,3300.0,17499.570421643253,18544.36046790379,6342.746451011594
2022-11-23 00:00:00+00:00,3300.0,17499.570421643253,18544.36046790379,6489.782856672614
2022-11-24 00:00:00+00:00,3300.0,17499.570421643253,18544.36046790379,6488.156806090298
2022-11-25 00:00:00+00:00,3300.0,17499.570421643253,18544.36046790379,6458.133501949023
2022-11-26 00:00:00+00:00,3300.0,17499.570421643253,18544.36046790379,6433.285416488006
2022-11-27 00:00:00+00:00,3300.0,17499.570421643253,18544.36046790379,6421.64117445743
2022-11-28 00:00:00+00:00,3300.0,17499.570421643253,18544.36046790379,6337.262439071716
2022-11-29 00:00:00+00:00,3300.0,17499.570421643253,18544.36046790379,6427.015740685037
2022-11-30 00:00:00+00:00,3300.0,17499.570421643253,18544.36046790379,6708.881446313392
2022-12-01 00:00:00+00:00,3400.0,17599.570421643253,18644.36046790379,6736.072686224926
2022-12-02 00:00:00+00:00,3400.0,17599.570421643253,18644.36046790379,6781.690727072103
2022-12-03 00:00:00+00:00,3400.0,17599.570421643253,18644.36046790379,6699.34923652862
2022-12-04 00:00:00+00:00,3400.0,17599.570421643253,18644.36046790379,6786.8326067938115
2022-12-05 00:00:00+00:00,3400.0,17599.570421643253,18644.36046790379,6731.545497286081
2022-12-06 00:00:00+00:00,3400.0,17599.570421643253,18644.36046790379,6780.19101215327
2022-12-07 00:00:00+00:00,3400.0,17599.570421643253,18644.36046790379,6680.083057571352
2022-12-08 00:00:00+00:00,3400.0,17599.570421643253,18644.36046790379,6833.807804251401
2022-12-09 00:00:00+00:00,3400.0,17599.570421643253,18644.36046790379,6795.902311302938
2022-12-10 00:00:00+00:00,3400.0,17599.570421643253,18644.36046790379,6795.477788825914
2022-12-11 00:00:00+00:00,3400.0,17599.570421643253,18644.36046790379,6778.63971973723
2022-12-12 00:00:00+00:00,3400.0,17599.570421643253,18644.36046790379,6828.146182057822
2022-12-13 00:00:00+00:00,3400.0,17599.570421643253,18644.36046790379,7052.2583424283375
2022-12-14 00:00:00+00:00,3400.0,17599.570421643253,18644.36046790379,7063.545879317429
2022-12-15 00:00:00+00:00,3400.0,17599.570421643253,18644.36046790379,6886.274021411805
2022-12-16 00:00:00+00:00,3400.0,17599.570421643253,18644.36046790379,6598.939751963021
2022-12-17 00:00:00+00:00,3400.0,17599.570421643253,18644.36046790379,6656.230448862312
2022-12-18 00:00:00+00:00,3400.0,17599.570421643253,18644.36046790379,6641.030957184944
2022-12-19 00:00:00+00:00,3400.0,17599.570421643253,18644.36046790379,6522.271786112475
2022-12-20 00:00:00+00:00,3400.0,17599.570421643253,18644.36046790379,6703.45956630616
2022-12-21 00:00:00+00:00,3400.0,17599.570421643253,18644.36046790379,6675.333960328384
2022-12-22 00:00:00+00:00,3400.0,17599.570421643253,18644.36046790379,6674.048490397957
2022-12-23 00:00:00+00:00,3400.0,17599.570421643253,18644.36046790379,6657.016013819795
2022-12-24 00:00:00+00:00,3400.0,17599.570421643253,18644.36046790379,6679.876747582517
2022-12-25 00:00:00+00:00,3400.0,17599.570421643253,18644.36046790379,6678.285780168625
2022-12-26 00:00:00+00:00,3400.0,17599.570421643253,18644.36046790379,6712.914118294456
2022-12-27 00:00:00+00:00,3400.0,17599.570421643253,18644.36046790379,6628.394470368862
2022-12-28 00:00:00+00:00,3400.0,17599.570421643253,18644.36046790379,6565.2913862841515
2022-12-29 00:00:00+00:00,3400.0,17599.570421643253,18644.36046790379,6599.475364434033
2022-12-30 00:00:00+00:00,3400.0,17599.570421643253,18644.36046790379,6589.163832492117
2022-12-31 00:00:00+00:00,3400.0,17599.570421643253,18644.36046790379,6563.3433438895845
2023-01-01 00:00:00+00:00,3500.0,17699.570421643253,18744.36046790379,6692.841704793062
2023-01-02 00:00:00+00:00,3500.0,17699.570421643253,18744.36046790379,6715.290107846918
2023-01-03 00:00:00+00:00,3500.0,17699.570421643253,18744.36046790379,6716.220491528658
2023-01-04 00:00:00+00:00,3500.0,17699.570421643253,18744.36046790379,6786.776601211484
2023-01-05 00:00:00+00:00,3500.0,17699.570421643253,18744.36046790379,6779.321448852601
2023-01-06 00:00:00+00:00,3500.0,17699.570421643253,18744.36046790379,6827.169752484979
2023-01-07 00:00:00+00:00,3500.0,17699.570421643253,18744.36046790379,6824.318186914968
2023-01-08 00:00:00+00:00,3500.0,17699.570421643253,18744.36046790379,6898.531389164983
2023-01-09 00:00:00+00:00,3500.0,17699.570421643253,18744.36046790379,6918.842752398826
2023-01-10 00:00:00+00:00,3500.0,17699.570421643253,18744.36046790379,7024.527894428587
2023-01-11 00:00:00+00:00,3500.0,17699.570421643253,18744.36046790379,7226.956828819432
2023-01-12 00:00:00+00:00,3500.0,17699.570421643253,18744.36046790379,7590.797262904817
2023-01-13 00:00:00+00:00,3500.0,17699.570421643253,18744.36046790379,8027.147209641184
2023-01-14 00:00:00+00:00,3500.0,17699.570421643253,18744.36046790379,8439.943546980065
2023-01-15 00:00:00+00:00,3500.0,17699.570421643253,18744.36046790379,8406.345015927769
2023-01-16 00:00:00+00:00,3500.0,17699.570421643253,18744.36046790379,8532.873169009512
2023-01-17 00:00:00+00:00,3500.0,17699.570421643253,18744.36046790379,8512.396672741246
2023-01-18 00:00:00+00:00,3500.0,17699.570421643253,18744.36046790379,8328.19681429654
2023-01-19 00:00:00+00:00,3500.0,17699.570421643253,18744.36046790379,8486.933964360447
2023-01-20 00:00:00+00:00,3500.0,17699.570421643253,18744.36046790379,9129.591457979071
2023-01-21 00:00:00+00:00,3500.0,17699.570421643253,18744.36046790379,9176.448963404919
2023-01-22 00:00:00+00:00,3500.0,17699.570421643253,18744.36046790379,9145.971849466689
2023-01-23 00:00:00+00:00,3500.0,17699.570421643253,18744.36046790379,9229.976232367402
2023-01-24 00:00:00+00:00,3500.0,17699.570421643253,18744.36046790379,9115.768614707496
2023-01-25 00:00:00+00:00,3500.0,17699.570421643253,18744.36046790379,9288.17153027853
2023-01-26 00:00:00+00:00,3500.0,17699.570421643253,18744.36046790379,9267.5137904359
2023-01-27 00:00:00+00:00,3500.0,17699.570421643253,18744.36046790379,9293.496063729877
2023-01-28 00:00:00+00:00,3500.0,17699.570421643253,18744.36046790379,9272.729577742626
2023-01-29 00:00:00+00:00,3500.0,17699.570421643253,18744.36046790379,9562.59846767715
2023-01-30 00:00:00+00:00,3500.0,17699.570421643253,18744.36046790379,9193.606688444814
2023-01-31 00:00:00+00:00,3500.0,17699.570421643253,18744.36046790379,9314.02491925296
2023-02-01 00:00:00+00:00,3600.0,17799.570421643253,18844.36046790379,9658.715827550752
2023-02-02 00:00:00+00:00,3600.0,17799.570421643253,18844.36046790379,9559.38244299299
2023-02-03 00:00:00+00:00,3600.0,17799.570421643253,18844.36046790379,9536.168659205883
2023-02-04 00:00:00+00:00,3600.0,17799.570421643253,18844.36046790379,9493.411995028579
2023-02-05 00:00:00+00:00,3600.0,17799.570421643253,18844.36046790379,9333.092818183297
2023-02-06 00:00:00+00:00,3600.0,17799.570421643253,18844.36046790379,9263.74855767339
2023-02-07 00:00:00+00:00,3600.0,17799.570421643253,18844.36046790379,9458.25760085729
2023-02-08 00:00:00+00:00,3600.0,17799.570421643253,18844.36046790379,9345.338658894272
2023-02-09 00:00:00+00:00,3600.0,17799.570421643253,18844.36046790379,8870.542711221973
2023-02-10 00:00:00+00:00,3600.0,17799.570421643253,18844.36046790379,8800.885080909891
2023-02-11 00:00:00+00:00,3600.0,17799.570421643253,18844.36046790379,8897.484374733656
2023-02-12 00:00:00+00:00,3600.0,17799.570421643253,18844.36046790379,8865.329377240332
2023-02-13 00:00:00+00:00,3600.0,17799.570421643253,18844.36046790379,8861.43463827044
2023-02-14 00:00:00+00:00,3600.0,17799.570421643253,18844.36046790379,9034.752557299456
2023-02-15 00:00:00+00:00,3600.0,17799.570421643253,18844.36046790379,9899.250307271577
2023-02-16 00:00:00+00:00,3600.0,17799.570421643253,18844.36046790379,9571.095148066499
2023-02-17 00:00:00+00:00,3600.0,17799.570421643253,18844.36046790379,9999.333296558487
2023-02-18 00:00:00+00:00,3600.0,17799.570421643253,18844.36046790379,10024.557530764743
2023-02-19 00:00:00+00:00,3600.0,17799.570421643253,18844.36046790379,9877.969648887498
2023-02-20 00:00:00+00:00,3600.0,17799.570421643253,18844.36046790379,10110.123765709328
2023-02-21 00:00:00+00:00,3600.0,17799.570421643253,18844.36046790379,9951.387716825684
2023-02-22 00:00:00+00:00,3600.0,17799.570421643253,18844.36046790379,9841.525147868295
2023-02-23 00:00:00+00:00,3600.0,17799.570421643253,18844.36046790379,9743.033426018406
2023-02-24 00:00:00+00:00,3600.0,17799.570421643253,18844.36046790379,9435.804858018324
2023-02-25 00:00:00+00:00,3600.0,17799.570421643253,18844.36046790379,9424.32005825549
2023-02-26 00:00:00+00:00,3600.0,17799.570421643253,18844.36046790379,9586.206084111647
2023-02-27 00:00:00+00:00,3600.0,17799.570421643253,18844.36046790379,9560.664410365525
2023-02-28 00:00:00+00:00,3600.0,17799.570421643253,18844.36046790379,9418.01196483508
2023-03-01 00:00:00+00:00,3700.0,17899.570421643253,18944.36046790379,9716.370979874277
2023-03-02 00:00:00+00:00,3700.0,17899.570421643253,18944.36046790379,9648.925592839925
2023-03-03 00:00:00+00:00,3700.0,17899.570421643253,18944.36046790379,9192.101781974965
2023-03-04 00:00:00+00:00,3700.0,17899.570421643253,18944.36046790379,9188.90683606197
2023-03-05 00:00:00+00:00,3700.0,17899.570421643253,18944.36046790379,9223.311099194583
2023-03-06 00:00:00+00:00,3700.0,17899.570421643253,18944.36046790379,9214.988614602686
2023-03-07 00:00:00+00:00,3700.0,17899.570421643253,18944.36046790379,9127.79989756385
2023-03-08 00:00:00+00:00,3700.0,17899.570421643253,18944.36046790379,8925.280623294997
2023-03-09 00:00:00+00:00,3700.0,17899.570421643253,18944.36046790379,8372.962058397312
2023-03-10 00:00:00+00:00,3700.0,17899.570421643253,18944.36046790379,8285.983048233073
2023-03-11 00:00:00+00:00,3700.0,17899.570421643253,18944.36046790379,8411.41243063982
2023-03-12 00:00:00+00:00,3700.0,17899.570421643253,18944.36046790379,9045.212396067669
2023-03-13 00:00:00+00:00,3700.0,17899.570421643253,18944.36046790379,9915.442470956752
2023-03-14 00:00:00+00:00,3700.0,17899.570421643253,18944.36046790379,10144.44648991751
2023-03-15 00:00:00+00:00,3700.0,17899.570421643253,18944.36046790379,9986.24115658091
2023-03-16 00:00:00+00:00,3700.0,17899.570421643253,18944.36046790379,10279.468933862247
2023-03-17 00:00:00+00:00,3700.0,17899.570421643253,18944.36046790379,11264.823971006252
2023-03-18 00:00:00+00:00,3700.0,17899.570421643253,18944.36046790379,11064.31130369434
2023-03-19 00:00:00+00:00,3700.0,17899.570421643253,18944.36046790379,11502.384852830515
2023-03-20 00:00:00+00:00,3700.0,17899.570421643253,18944.36046790379,11397.17779217424
2023-03-21 00:00:00+00:00,3700.0,17899.570421643253,18944.36046790379,11556.908640226053
2023-03-22 00:00:00+00:00,3700.0,17899.570421643253,18944.36046790379,11205.54682778649
2023-03-23 00:00:00+00:00,3700.0,17899.570421643253,18944.36046790379,11635.010059365632
2023-03-24 00:00:00+00:00,3700.0,17899.570421643253,18944.36046790379,11289.22398265068
2023-03-25 00:00:00+00:00,3700.0,17899.570421643253,18944.36046790379,11292.710873428312
2023-03-26 00:00:00+00:00,3700.0,17899.570421643253,18944.36046790379,11500.402917270587
2023-03-27 00:00:00+00:00,3700.0,17899.570421643253,18944.36046790379,11153.71222266521
2023-03-28 00:00:00+00:00,3700.0,17899.570421643253,18944.36046790379,11209.699846283433
2023-03-29 00:00:00+00:00,3700.0,17899.570421643253,18944.36046790379,11656.881252816376
2023-03-30 00:00:00+00:00,3700.0,17899.570421643253,18944.36046790379,11525.271685458234
2023-03-31 00:00:00+00:00,3700.0,17899.570421643253,18944.36046790379,11704.891791400863
2023-04-01 00:00:00+00:00,3800.0,17999.570421643253,19044.36046790379,11799.69846232993
2023-04-02 00:00:00+00:00,3800.0,17999.570421643253,19044.36046790379,11682.965562797552
2023-04-03 00:00:00+00:00,3800.0,17999.570421643253,19044.36046790379,11528.749871619171
2023-04-04 00:00:00+00:00,3800.0,17999.570421643253,19044.36046790379,11680.311462107684
2023-04-05 00:00:00+00:00,3800.0,17999.570421643253,19044.36046790379,11682.194214784558
2023-04-06 00:00:00+00:00,3800.0,17999.570421643253,19044.36046790379,11625.71578151061
2023-04-07 00:00:00+00:00,3800.0,17999.570421643253,19044.36046790379,11572.845266361952
2023-04-08 00:00:00+00:00,3800.0,17999.570421643253,19044.36046790379,11586.136504972936
2023-04-09 00:00:00+00:00,3800.0,17999.570421643253,19044.36046790379,11745.954836826339
2023-04-10 00:00:00+00:00,3800.0,17999.570421643253,19044.36046790379,12290.700709357328
2023-04-11 00:00:00+00:00,3800.0,17999.570421643253,19044.36046790379,12524.211805677878
2023-04-12 00:00:00+00:00,3800.0,17999.570421643253,19044.36046790379,12394.67925091528
2023-04-13 00:00:00+00:00,3800.0,17999.570421643253,19044.36046790379,12596.129640308678
2023-04-14 00:00:00+00:00,3800.0,17999.570421643253,19044.36046790379,12634.73436424929
2023-04-15 00:00:00+00:00,3800.0,17999.570421643253,19044.36046790379,12563.471760726303
2023-04-16 00:00:00+00:00,3800.0,17999.570421643253,19044.36046790379,12567.436323631797
2023-04-17 00:00:00+00:00,3800.0,17999.570421643253,19044.36046790379,12204.828110943077
2023-04-18 00:00:00+00:00,3800.0,17999.570421643253,19044.36046790379,12598.688359255004
2023-04-19 00:00:00+00:00,3800.0,17999.570421643253,19044.36046790379,11942.25046503613
2023-04-20 00:00:00+00:00,3800.0,17999.570421643253,19044.36046790379,11712.732960847368
2023-04-21 00:00:00+00:00,3800.0,17999.570421643253,19044.36046790379,11305.98788309259
2023-04-22 00:00:00+00:00,3800.0,17999.570421643253,19044.36046790379,11535.737621091717
2023-04-23 00:00:00+00:00,3800.0,17999.570421643253,19044.36046790379,11441.911014672514
2023-04-24 00:00:00+00:00,3800.0,17999.570421643253,19044.36046790379,11408.871608115971
2023-04-25 00:00:00+00:00,3800.0,17999.570421643253,19044.36046790379,11736.429103569106
2023-04-26 00:00:00+00:00,3800.0,17999.570421643253,19044.36046790379,11783.912623723796
2023-04-27 00:00:00+00:00,3800.0,17999.570421643253,19044.36046790379,12222.45299833674
2023-04-28 00:00:00+00:00,3800.0,17999.570421643253,19044.36046790379,12155.656748630923
2023-04-29 00:00:00+00:00,3800.0,17999.570421643253,19044.36046790379,12121.962110966568
2023-04-30 00:00:00+00:00,3800.0,17999.570421643253,19044.36046790379,12123.106691889074
2023-05-01 00:00:00+00:00,3900.0,18099.570421643253,19144.36046790379,11739.998160847967
2023-05-02 00:00:00+00:00,3900.0,18099.570421643253,19144.36046790379,11991.471250841461
2023-05-03 00:00:00+00:00,3900.0,18099.570421643253,19144.36046790379,12140.497482803348
2023-05-04 00:00:00+00:00,3900.0,18099.570421643253,19144.36046790379,12061.864500460282
2023-05-05 00:00:00+00:00,3900.0,18099.570421643253,19144.36046790379,12341.032500805388
2023-05-06 00:00:00+00:00,3900.0,18099.570421643253,19144.36046790379,12066.063836325837
2023-05-07 00:00:00+00:00,3900.0,18099.570421643253,19144.36046790379,11891.189102721388
2023-05-08 00:00:00+00:00,3900.0,18099.570421643253,19144.36046790379,11572.763167680963
2023-05-09 00:00:00+00:00,3900.0,18099.570421643253,19144.36046790379,11555.815250422766
2023-05-10 00:00:00+00:00,3900.0,18099.570421643253,19144.36046790379,11543.468199152727
2023-05-11 00:00:00+00:00,3900.0,18099.570421643253,19144.36046790379,11279.909682323809
2023-05-12 00:00:00+00:00,3900.0,18099.570421643253,19144.36046790379,11207.295469214341
2023-05-13 00:00:00+00:00,3900.0,18099.570421643253,19144.36046790379,11199.043188673762
2023-05-14 00:00:00+00:00,3900.0,18099.570421643253,19144.36046790379,11258.578394560529
2023-05-15 00:00:00+00:00,3900.0,18099.570421643253,19144.36046790379,11360.851462871842
2023-05-16 00:00:00+00:00,3900.0,18099.570421643253,19144.36046790379,11307.188635028142
2023-05-17 00:00:00+00:00,3900.0,18099.570421643253,19144.36046790379,11462.685357611557
2023-05-18 00:00:00+00:00,3900.0,18099.570421643253,19144.36046790379,11218.283173715152
2023-05-19 00:00:00+00:00,3900.0,18099.570421643253,19144.36046790379,11242.952180622566
2023-05-20 00:00:00+00:00,3900.0,18099.570421643253,19144.36046790379,11335.87712576703
2023-05-21 00:00:00+00:00,3900.0,18099.570421643253,19144.36046790379,11187.541023703367
2023-05-22 00:00:00+00:00,3900.0,18099.570421643253,19144.36046790379,11229.990286352293
2023-05-23 00:00:00+00:00,3900.0,18099.570421643253,19144.36046790379,11384.888896357246
2023-05-24 00:00:00+00:00,3900.0,18099.570421643253,19144.36046790379,11012.386055534185
2023-05-25 00:00:00+00:00,3900.0,18099.570421643253,19144.36046790379,11072.941817149236
2023-05-26 00:00:00+00:00,3900.0,18099.570421643253,19144.36046790379,11170.032637315704
2023-05-27 00:00:00+00:00,3900.0,18099.570421643253,19144.36046790379,11232.081589074183
2023-05-28 00:00:00+00:00,3900.0,18099.570421643253,19144.36046790379,11738.482177968976
2023-05-29 00:00:00+00:00,3900.0,18099.570421643253,19144.36046790379,11601.041763086361
2023-05-30 00:00:00+00:00,3900.0,18099.570421643253,19144.36046790379,11583.474820222484
2023-05-31 00:00:00+00:00,3900.0,18099.570421643253,19144.36046790379,11381.015803716306
2023-06-01 00:00:00+00:00,4000.0,18199.570421643253,19244.36046790379,11316.882000891486
2023-06-02 00:00:00+00:00,4000.0,18199.570421643253,19244.36046790379,11495.928586816057
2023-06-03 00:00:00+00:00,4000.0,18199.570421643253,19244.36046790379,11422.76927490422
2023-06-04 00:00:00+00:00,4000.0,18199.570421643253,19244.36046790379,11442.176304694987
2023-06-05 00:00:00+00:00,4000.0,18199.570421643253,19244.36046790379,10856.880710215912
2023-06-06 00:00:00+00:00,4000.0,18199.570421643253,19244.36046790379,11490.649570884714
2023-06-07 00:00:00+00:00,4000.0,18199.570421643253,19244.36046790379,11114.771821029779
2023-06-08 00:00:00+00:00,4000.0,18199.570421643253,19244.36046790379,11181.981162947057
2023-06-09 00:00:00+00:00,4000.0,18199.570421643253,19244.36046790379,11173.203902245861
2023-06-10 00:00:00+00:00,4000.0,18199.570421643253,19244.36046790379,10904.56908674678
2023-06-11 00:00:00+00:00,4000.0,18199.570421643253,19244.36046790379,10940.159190955377
2023-06-12 00:00:00+00:00,4000.0,18199.570421643253,19244.36046790379,10931.567603076706
2023-06-13 00:00:00+00:00,4000.0,18199.570421643253,19244.36046790379,10943.830449037127
2023-06-14 00:00:00+00:00,4000.0,18199.570421643253,19244.36046790379,10603.859291156456
2023-06-15 00:00:00+00:00,4000.0,18199.570421643253,19244.36046790379,10802.145206102834
2023-06-16 00:00:00+00:00,4000.0,18199.570421643253,19244.36046790379,11117.160248701355
2023-06-17 00:00:00+00:00,4000.0,18199.570421643253,19244.36046790379,11189.737223124363
2023-06-18 00:00:00+00:00,4000.0,18199.570421643253,19244.36046790379,11115.037670752941
2023-06-19 00:00:00+00:00,4000.0,18199.570421643253,19244.36046790379,11327.877803083173
2023-06-20 00:00:00+00:00,4000.0,18199.570421643253,19244.36046790379,11945.510007539779
2023-06-21 00:00:00+00:00,4000.0,18199.570421643253,19244.36046790379,12656.932306392904
2023-06-22 00:00:00+00:00,4000.0,18199.570421643253,19244.36046790379,12610.948743959767
2023-06-23 00:00:00+00:00,4000.0,18199.570421643253,19244.36046790379,12950.046395607194
2023-06-24 00:00:00+00:00,4000.0,18199.570421643253,19244.36046790379,12882.077483052313
2023-06-25 00:00:00+00:00,4000.0,18199.570421643253,19244.36046790379,12854.745599609216
2023-06-26 00:00:00+00:00,4000.0,18199.570421643253,19244.36046790379,12772.598035152405
2023-06-27 00:00:00+00:00,4000.0,18199.570421643253,19244.36046790379,12951.70901133617
2023-06-28 00:00:00+00:00,4000.0,18199.570421643253,19244.36046790379,12692.176383977703
2023-06-29 00:00:00+00:00,4000.0,18199.570421643253,19244.36046790379,12848.26815000521
2023-06-30 00:00:00+00:00,4000.0,18199.570421643253,19244.36046790379,12858.686927251003
2023-07-01 00:00:00+00:00,4100.0,18299.570421643253,19344.36046790379,13006.750869263798
2023-07-02 00:00:00+00:00,4100.0,18299.570421643253,19344.36046790379,13019.835276315082
2023-07-03 00:00:00+00:00,4100.0,18299.570421643253,19344.36046790379,13249.116319771314
2023-07-04 00:00:00+00:00,4100.0,18299.570421643253,19344.36046790379,13083.401369339243
2023-07-05 00:00:00+00:00,4100.0,18299.570421643253,19344.36046790379,12972.113929250781
2023-07-06 00:00:00+00:00,4100.0,18299.570421643253,19344.36046790379,12712.976213388698
2023-07-07 00:00:00+00:00,4100.0,18299.570421643253,19344.36046790379,12904.027448423256
2023-07-08 00:00:00+00:00,4100.0,18299.570421643253,19344.36046790379,12878.482792228704
2023-07-09 00:00:00+00:00,4100.0,18299.570421643253,19344.36046790379,12825.786041843674
2023-07-10 00:00:00+00:00,4100.0,18299.570421643253,19344.36046790379,12932.463792017888
2023-07-11 00:00:00+00:00,4100.0,18299.570421643253,19344.36046790379,13021.99128442073
2023-07-12 00:00:00+00:00,4100.0,18299.570421643253,19344.36046790379,12919.03870801486
2023-07-13 00:00:00+00:00,4100.0,18299.570421643253,19344.36046790379,13375.853025042863
2023-07-14 00:00:00+00:00,4100.0,18299.570421643253,19344.36046790379,12890.126086495506
2023-07-15 00:00:00+00:00,4100.0,18299.570421643253,19344.36046790379,12880.56225566788
2023-07-16 00:00:00+00:00,4100.0,18299.570421643253,19344.36046790379,12856.09772976689
2023-07-17 00:00:00+00:00,4100.0,18299.570421643253,19344.36046790379,12816.128656423694
2023-07-18 00:00:00+00:00,4100.0,18299.570421643253,19344.36046790379,12697.539705650024
2023-07-19 00:00:00+00:00,4100.0,18299.570421643253,19344.36046790379,12718.836132855335
2023-07-20 00:00:00+00:00,4100.0,18299.570421643253,19344.36046790379,12672.39478271372
2023-07-21 00:00:00+00:00,4100.0,18299.570421643253,19344.36046790379,12715.651024233775
2023-07-22 00:00:00+00:00,4100.0,18299.570421643253,19344.36046790379,12669.843293831294
2023-07-23 00:00:00+00:00,4100.0,18299.570421643253,19344.36046790379,12793.058944445096
2023-07-24 00:00:00+00:00,4100.0,18299.570421643253,19344.36046790379,12407.252563014994
2023-07-25 00:00:00+00:00,4100.0,18299.570421643253,19344.36046790379,12429.539818402982
2023-07-26 00:00:00+00:00,4100.0,18299.570421643253,19344.36046790379,12481.86660290006
2023-07-27 00:00:00+00:00,4100.0,18299.570421643253,19344.36046790379,12426.933047261437
2023-07-28 00:00:00+00:00,4100.0,18299.570421643253,19344.36046790379,12465.783717977836
2023-07-29 00:00:00+00:00,4100.0,18299.570421643253,19344.36046790379,12482.266336158307
2023-07-30 00:00:00+00:00,4100.0,18299.570421643253,19344.36046790379,12451.729266717142
2023-07-31 00:00:00+00:00,4100.0,18299.570421643253,19344.36046790379,12430.960147214199
2023-08-01 00:00:00+00:00,4200.0,18399.570421643253,19444.36046790379,12732.417204407582
2023-08-02 00:00:00+00:00,4200.0,18399.570421643253,19444.36046790379,12509.393301664717
2023-08-03 00:00:00+00:00,4200.0,18399.570421643253,19444.36046790379,12512.663590097143
2023-08-04 00:00:00+00:00,4200.0,18399.570421643253,19444.36046790379,12478.524864849069
2023-08-05 00:00:00+00:00,4200.0,18399.570421643253,19444.36046790379,12460.583282439973
2023-08-06 00:00:00+00:00,4200.0,18399.570421643253,19444.36046790379,12467.565326812743
2023-08-07 00:00:00+00:00,4200.0,18399.570421643253,19444.36046790379,12520.12996290093
2023-08-08 00:00:00+00:00,4200.0,18399.570421643253,19444.36046790379,12759.876822345544
2023-08-09 00:00:00+00:00,4200.0,18399.570421643253,19444.36046790379,12679.113984950758
2023-08-10 00:00:00+00:00,4200.0,18399.570421643253,19444.36046790379,12625.00635563102
2023-08-11 00:00:00+00:00,4200.0,18399.570421643253,19444.36046790379,12612.268089286099
2023-08-12 00:00:00+00:00,4200.0,18399.570421643253,19444.36046790379,12614.042531502384
2023-08-13 00:00:00+00:00,4200.0,18399.570421643253,19444.36046790379,12559.896327351858
2023-08-14 00:00:00+00:00,4200.0,18399.570421643253,19444.36046790379,12614.368274517934
2023-08-15 00:00:00+00:00,4200.0,18399.570421643253,19444.36046790379,12515.389544806218
2023-08-16 00:00:00+00:00,4200.0,18399.570421643253,19444.36046790379,12314.161796950359
2023-08-17 00:00:00+00:00,4200.0,18399.570421643253,19444.36046790379,11411.039286338675
2023-08-18 00:00:00+00:00,4200.0,18399.570421643253,19444.36046790379,11166.984904122644
2023-08-19 00:00:00+00:00,4200.0,18399.570421643253,19444.36046790379,11186.705214840333
2023-08-20 00:00:00+00:00,4200.0,18399.570421643253,19444.36046790379,11225.271473444502
2023-08-21 00:00:00+00:00,4200.0,18399.570421643253,19444.36046790379,11198.23908924618
2023-08-22 00:00:00+00:00,4200.0,18399.570421643253,19444.36046790379,11167.842122584618
2023-08-23 00:00:00+00:00,4200.0,18399.570421643253,19444.36046790379,11329.307792081858
2023-08-24 00:00:00+00:00,4200.0,18399.570421643253,19444.36046790379,11221.011097688493
2023-08-25 00:00:00+00:00,4200.0,18399.570421643253,19444.36046790379,11169.560845600872
2023-08-26 00:00:00+00:00,4200.0,18399.570421643253,19444.36046790379,11151.284947991608
2023-08-27 00:00:00+00:00,4200.0,18399.570421643253,19444.36046790379,11187.45956708687
2023-08-28 00:00:00+00:00,4200.0,18399.570421643253,19444.36046790379,11195.273113367753
2023-08-29 00:00:00+00:00,4200.0,18399.570421643253,19444.36046790379,11879.479173160766
2023-08-30 00:00:00+00:00,4200.0,18399.570421643253,19444.36046790379,11701.027719839532
2023-08-31 00:00:00+00:00,4200.0,18399.570421643253,19444.36046790379,11118.45776699035
2023-09-01 00:00:00+00:00,4300.0,18499.570421643253,19544.36046790379,11160.28263606855
2023-09-02 00:00:00+00:00,4300.0,18499.570421643253,19544.36046790379,11187.99930399999
2023-09-03 00:00:00+00:00,4300.0,18499.570421643253,19544.36046790379,11231.982337664593
2023-09-04 00:00:00+00:00,4300.0,18499.570421643253,19544.36046790379,11169.190826772128
2023-09-05 00:00:00+00:00,4300.0,18499.570421643253,19544.36046790379,11154.52116598645
2023-09-06 00:00:00+00:00,4300.0,18499.570421643253,19544.36046790379,11140.616991627385
2023-09-07 00:00:00+00:00,4300.0,18499.570421643253,19544.36046790379,11354.715328064573
2023-09-08 00:00:00+00:00,4300.0,18499.570421643253,19544.36046790379,11205.726585710041
2023-09-09 00:00:00+00:00,4300.0,18499.570421643253,19544.36046790379,11201.8818544487
2023-09-10 00:00:00+00:00,4300.0,18499.570421643253,19544.36046790379,11175.933162021205
2023-09-11 00:00:00+00:00,4300.0,18499.570421643253,19544.36046790379,10882.241536344749
2023-09-12 00:00:00+00:00,4300.0,18499.570421643253,19544.36046790379,11175.280119928446
2023-09-13 00:00:00+00:00,4300.0,18499.570421643253,19544.36046790379,11340.44354722945
2023-09-14 00:00:00+00:00,4300.0,18499.570421643253,19544.36046790379,11470.502718458125
2023-09-15 00:00:00+00:00,4300.0,18499.570421643253,19544.36046790379,11503.920309522668
2023-09-16 00:00:00+00:00,4300.0,18499.570421643253,19544.36046790379,11486.47846342932
2023-09-17 00:00:00+00:00,4300.0,18499.570421643253,19544.36046790379,11472.569964288181
2023-09-18 00:00:00+00:00,4300.0,18499.570421643253,19544.36046790379,11574.202342962537
2023-09-19 00:00:00+00:00,4300.0,18499.570421643253,19544.36046790379,11767.844460202716
2023-09-20 00:00:00+00:00,4300.0,18499.570421643253,19544.36046790379,11730.971368263246
2023-09-21 00:00:00+00:00,4300.0,18499.570421643253,19544.36046790379,11490.11560515124
2023-09-22 00:00:00+00:00,4300.0,18499.570421643253,19544.36046790379,11495.331292329167
2023-09-23 00:00:00+00:00,4300.0,18499.570421643253,19544.36046790379,11493.523533423384
2023-09-24 00:00:00+00:00,4300.0,18499.570421643253,19544.36046790379,11351.852322333407
2023-09-25 00:00:00+00:00,4300.0,18499.570421643253,19544.36046790379,11376.257067561464
2023-09-26 00:00:00+00:00,4300.0,18499.570421643253,19544.36046790379,11340.300829421098
2023-09-27 00:00:00+00:00,4300.0,18499.570421643253,19544.36046790379,11405.743431723242
2023-09-28 00:00:00+00:00,4300.0,18499.570421643253,19544.36046790379,11686.162301223034
2023-09-29 00:00:00+00:00,4300.0,18499.570421643253,19544.36046790379,11636.67381998173
2023-09-30 00:00:00+00:00,4300.0,18499.570421643253,19544.36046790379,11660.719608297875
2023-10-01 00:00:00+00:00,4400.0,18599.570421643253,19644.36046790379,12206.176486418606
2023-10-02 00:00:00+00:00,4400.0,18599.570421643253,19644.36046790379,11988.83757217305
2023-10-03 00:00:00+00:00,4400.0,18599.570421643253,19644.36046790379,11959.164724874212
2023-10-04 00:00:00+00:00,4400.0,18599.570421643253,19644.36046790379,12112.700452462659
2023-10-05 00:00:00+00:00,4400.0,18599.570421643253,19644.36046790379,11952.157485254927
2023-10-06 00:00:00+00:00,4400.0,18599.570421643253,19644.36046790379,12179.206002352723
2023-10-07 00:00:00+00:00,4400.0,18599.570421643253,19644.36046790379,12190.36002783258
2023-10-08 00:00:00+00:00,4400.0,18599.570421643253,19644.36046790379,12173.083933637428
2023-10-09 00:00:00+00:00,4400.0,18599.570421643253,19644.36046790379,12030.527813616722
2023-10-10 00:00:00+00:00,4400.0,18599.570421643253,19644.36046790379,11943.318857558417
2023-10-11 00:00:00+00:00,4400.0,18599.570421643253,19644.36046790379,11718.9302136204
2023-10-12 00:00:00+00:00,4400.0,18599.570421643253,19644.36046790379,11668.396984032417
2023-10-13 00:00:00+00:00,4400.0,18599.570421643253,19644.36046790379,11713.03488819086
2023-10-14 00:00:00+00:00,4400.0,18599.570421643253,19644.36046790379,11708.883741882484
2023-10-15 00:00:00+00:00,4400.0,18599.570421643253,19644.36046790379,11840.425370753028
2023-10-16 00:00:00+00:00,4400.0,18599.570421643253,19644.36046790379,12427.616353237
2023-10-17 00:00:00+00:00,4400.0,18599.570421643253,19644.36046790379,12381.888337127828
2023-10-18 00:00:00+00:00,4400.0,18599.570421643253,19644.36046790379,12348.788177855899
2023-10-19 00:00:00+00:00,4400.0,18599.570421643253,19644.36046790379,12520.463368304472
2023-10-20 00:00:00+00:00,4400.0,18599.570421643253,19644.36046790379,12937.030028260373
2023-10-21 00:00:00+00:00,4400.0,18599.570421643253,19644.36046790379,13042.012169563359
2023-10-22 00:00:00+00:00,4400.0,18599.570421643253,19644.36046790379,13078.055631102256
2023-10-23 00:00:00+00:00,4400.0,18599.570421643253,19644.36046790379,14419.996523792823
2023-10-24 00:00:00+00:00,4400.0,18599.570421643253,19644.36046790379,14791.829349738618
2023-10-25 00:00:00+00:00,4400.0,18599.570421643253,19644.36046790379,15041.822543175353
2023-10-26 00:00:00+00:00,4400.0,18599.570421643253,19644.36046790379,14891.653081290757
2023-10-27 00:00:00+00:00,4400.0,18599.570421643253,19644.36046790379,14778.438414535862
2023-10-28 00:00:00+00:00,4400.0,18599.570421643253,19644.36046790379,14860.842157115356
2023-10-29 00:00:00+00:00,4400.0,18599.570421643253,19644.36046790379,15054.83411941925
2023-10-30 00:00:00+00:00,4400.0,18599.570421643253,19644.36046790379,15032.526068459538
2023-10-31 00:00:00+00:00,4400.0,18599.570421643253,19644.36046790379,15104.490898998847
2023-11-01 00:00:00+00:00,4500.0,18699.570421643253,19744.36046790379,15545.32966196152
2023-11-02 00:00:00+00:00,4500.0,18699.570421643253,19744.36046790379,15334.590198322194
2023-11-03 00:00:00+00:00,4500.0,18699.570421643253,19744.36046790379,15235.929283850792
2023-11-04 00:00:00+00:00,4500.0,18699.570421643253,19744.36046790379,15387.464478716814
2023-11-05 00:00:00+00:00,4500.0,18699.570421643253,19744.36046790379,15365.437917187879
2023-11-06 00:00:00+00:00,4500.0,18699.570421643253,19744.36046790379,15380.451439202321
2023-11-07 00:00:00+00:00,4500.0,18699.570421643253,19744.36046790379,15535.383437938319
2023-11-08 00:00:00+00:00,4500.0,18699.570421643253,19744.36046790379,15634.391054613505
2023-11-09 00:00:00+00:00,4500.0,18699.570421643253,19744.36046790379,16106.770612949802
2023-11-10 00:00:00+00:00,4500.0,18699.570421643253,19744.36046790379,16370.325728721591
2023-11-11 00:00:00+00:00,4500.0,18699.570421643253,19744.36046790379,16295.00357779091
2023-11-12 00:00:00+00:00,4500.0,18699.570421643253,19744.36046790379,16266.09563581221
2023-11-13 00:00:00+00:00,4500.0,18699.570421643253,19744.36046790379,16002.250870098022
2023-11-14 00:00:00+00:00,4500.0,18699.570421643253,19744.36046790379,15602.12141784876
2023-11-15 00:00:00+00:00,4500.0,18699.570421643253,19744.36046790379,16614.5840142398
2023-11-16 00:00:00+00:00,4500.0,18699.570421643253,19744.36046790379,15870.846346228855
2023-11-17 00:00:00+00:00,4500.0,18699.570421643253,19744.36046790379,16068.51487737544
2023-11-18 00:00:00+00:00,4500.0,18699.570421643253,19744.36046790379,16048.40614955604
2023-11-19 00:00:00+00:00,4500.0,18699.570421643253,19744.36046790379,16395.88075318523
2023-11-20 00:00:00+00:00,4500.0,18699.570421643253,19744.36046790379,16434.9044999705
2023-11-21 00:00:00+00:00,4500.0,18699.570421643253,19744.36046790379,15685.707369408847
2023-11-22 00:00:00+00:00,4500.0,18699.570421643253,19744.36046790379,16417.15685804521
2023-11-23 00:00:00+00:00,4500.0,18699.570421643253,19744.36046790379,16367.100081635765
2023-11-24 00:00:00+00:00,4500.0,18699.570421643253,19744.36046790379,16551.111179134605
2023-11-25 00:00:00+00:00,4500.0,18699.570421643253,19744.36046790379,16580.558923278688
2023-11-26 00:00:00+00:00,4500.0,18699.570421643253,19744.36046790379,16434.312034179227
2023-11-27 00:00:00+00:00,4500.0,18699.570421643253,19744.36046790379,16344.463499773592
2023-11-28 00:00:00+00:00,4500.0,18699.570421643253,19744.36046790379,16597.32351085401
2023-11-29 00:00:00+00:00,4500.0,18699.570421643253,19744.36046790379,16613.021660005033
2023-11-30 00:00:00+00:00,4500.0,18699.570421643253,19744.36046790379,16555.670971409672
2023-12-01 00:00:00+00:00,4600.0,18799.570421643253,19844.36046790379,17076.348015027426
2023-12-02 00:00:00+00:00,4600.0,18799.570421643253,19844.36046790379,17415.149643619086
2023-12-03 00:00:00+00:00,4600.0,18799.570421643253,19844.36046790379,17645.544069790245
2023-12-04 00:00:00+00:00,4600.0,18799.570421643253,19844.36046790379,18536.750376110056
2023-12-05 00:00:00+00:00,4600.0,18799.570421643253,19844.36046790379,19455.935450283963
2023-12-06 00:00:00+00:00,4600.0,18799.570421643253,19844.36046790379,19318.809469556356
2023-12-07 00:00:00+00:00,4600.0,18799.570421643253,19844.36046790379,19102.70019529051
2023-12-08 00:00:00+00:00,4600.0,18799.570421643253,19844.36046790379,19499.05135839865
2023-12-09 00:00:00+00:00,4600.0,18799.570421643253,19844.36046790379,19297.138947089374
2023-12-10 00:00:00+00:00,4600.0,18799.570421643253,19844.36046790379,19330.649017581705
2023-12-11 00:00:00+00:00,4600.0,18799.570421643253,19844.36046790379,18211.096588701384
2023-12-12 00:00:00+00:00,4600.0,18799.570421643253,19844.36046790379,18316.597467992153
2023-12-13 00:00:00+00:00,4600.0,18799.570421643253,19844.36046790379,18924.30795992421
2023-12-14 00:00:00+00:00,4600.0,18799.570421643253,19844.36046790379,18991.95053799745
2023-12-15 00:00:00+00:00,4600.0,18799.570421643253,19844.36046790379,18514.324983131395
2023-12-16 00:00:00+00:00,4600.0,18799.570421643253,19844.36046790379,18663.41411641258
2023-12-17 00:00:00+00:00,4600.0,18799.570421643253,19844.36046790379,18264.621763871917
2023-12-18 00:00:00+00:00,4600.0,18799.570421643253,19844.36046790379,18831.061586717846
2023-12-19 00:00:00+00:00,4600.0,18799.570421643253,19844.36046790379,18662.513569135484
2023-12-20 00:00:00+00:00,4600.0,18799.570421643253,19844.36046790379,19277.419610389436
2023-12-21 00:00:00+00:00,4600.0,18799.570421643253,19844.36046790379,19362.561058101935
2023-12-22 00:00:00+00:00,4600.0,18799.570421643253,19844.36046790379,19409.90159241359
2023-12-23 00:00:00+00:00,4600.0,18799.570421643253,19844.36046790379,19292.08881922174
2023-12-24 00:00:00+00:00,4600.0,18799.570421643253,19844.36046790379,18978.37169768202
2023-12-25 00:00:00+00:00,4600.0,18799.570421643253,19844.36046790379,19236.45353817644
2023-12-26 00:00:00+00:00,4600.0,18799.570421643253,19844.36046790379,18765.34370772702
2023-12-27 00:00:00+00:00,4600.0,18799.570421643253,19844.36046790379,19171.437556328063
2023-12-28 00:00:00+00:00,4600.0,18799.570421643253,19844.36046790379,18789.548123022694
2023-12-29 00:00:00+00:00,4600.0,18799.570421643253,19844.36046790379,18570.23395991777
2023-12-30 00:00:00+00:00,4600.0,18799.570421643253,19844.36046790379,18602.605102971418
2023-12-31 00:00:00+00:00,4600.0,18799.570421643253,19844.36046790379,18665.864134739975
2024-01-01 00:00:00+00:00,4700.0,18899.570421643253,19944.36046790379,19602.830125404507
2024-01-02 00:00:00+00:00,4700.0,18899.570421643253,19944.36046790379,19943.15977745386
2024-01-03 00:00:00+00:00,4700.0,18899.570421643253,19944.36046790379,19010.63427033715
2024-01-04 00:00:00+00:00,4700.0,18899.570421643253,19944.36046790379,19590.055059409937
2024-01-05 00:00:00+00:00,4700.0,18899.570421643253,19944.36046790379,19587.397267649238
2024-01-06 00:00:00+00:00,4700.0,18899.570421643253,19944.36046790379,19508.954695800447
2024-01-07 00:00:00+00:00,4700.0,18899.570421643253,19944.36046790379,19491.517097103362
2024-01-08 00:00:00+00:00,4700.0,18899.570421643253,19944.36046790379,20832.401881188878
2024-01-09 00:00:00+00:00,4700.0,18899.570421643253,19944.36046790379,20459.22839497526
2024-01-10 00:00:00+00:00,4700.0,18899.570421643253,19944.36046790379,20700.59936991741
2024-01-11 00:00:00+00:00,4700.0,18899.570421643253,19944.36046790379,20560.90778727612
2024-01-12 00:00:00+00:00,4700.0,18899.570421643253,19944.36046790379,18982.902720246366
2024-01-13 00:00:00+00:00,4700.0,18899.570421643253,19944.36046790379,19011.858895589154
2024-01-14 00:00:00+00:00,4700.0,18899.570421643253,19944.36046790379,18516.844070896677
2024-01-15 00:00:00+00:00,4700.0,18899.570421643253,19944.36046790379,18862.379185027818
2024-01-16 00:00:00+00:00,4700.0,18899.570421643253,19944.36046790379,19140.515539818323
2024-01-17 00:00:00+00:00,4700.0,18899.570421643253,19944.36046790379,18979.960957412735
2024-01-18 00:00:00+00:00,4700.0,18899.570421643253,19944.36046790379,18337.21018202863
2024-01-19 00:00:00+00:00,4700.0,18899.570421643253,19944.36046790379,18484.311634854177
2024-01-20 00:00:00+00:00,4700.0,18899.570421643253,19944.36046790379,18500.733149555937
2024-01-21 00:00:00+00:00,4700.0,18899.570421643253,19944.36046790379,18449.392066979868
2024-01-22 00:00:00+00:00,4700.0,18899.570421643253,19944.36046790379,17556.520457968963
2024-01-23 00:00:00+00:00,4700.0,18899.570421643253,19944.36046790379,17702.756686431683
2024-01-24 00:00:00+00:00,4700.0,18899.570421643253,19944.36046790379,17785.85372164771
2024-01-25 00:00:00+00:00,4700.0,18899.570421643253,19944.36046790379,17730.9275042759
2024-01-26 00:00:00+00:00,4700.0,18899.570421643253,19944.36046790379,18557.29220059709
2024-01-27 00:00:00+00:00,4700.0,18899.570421643253,19944.36046790379,18689.125771204657
2024-01-28 00:00:00+00:00,4700.0,18899.570421643253,19944.36046790379,18649.383132138555
2024-01-29 00:00:00+00:00,4700.0,18899.570421643253,19944.36046790379,19213.615905857627
2024-01-30 00:00:00+00:00,4700.0,18899.570421643253,19944.36046790379,19053.172249652398
2024-01-31 00:00:00+00:00,4700.0,18899.570421643253,19944.36046790379,18892.9504458479
2024-02-01 00:00:00+00:00,4800.0,18999.570421643253,20044.36046790379,19216.107338690425
2024-02-02 00:00:00+00:00,4800.0,18999.570421643253,20044.36046790379,19268.166076494104
2024-02-03 00:00:00+00:00,4800.0,18999.570421643253,20044.36046790379,19183.9079919221
2024-02-04 00:00:00+00:00,4800.0,18999.570421643253,20044.36046790379,18992.91675591248
2024-02-05 00:00:00+00:00,4800.0,18999.570421643253,20044.36046790379,19049.03528961027
2024-02-06 00:00:00+00:00,4800.0,18999.570421643253,20044.36046790379,19223.095516724898
2024-02-07 00:00:00+00:00,4800.0,18999.570421643253,20044.36046790379,19780.91338486303
2024-02-08 00:00:00+00:00,4800.0,18999.570421643253,20044.36046790379,20199.750684727194
2024-02-09 00:00:00+00:00,4800.0,18999.570421643253,20044.36046790379,21022.26944456479
2024-02-10 00:00:00+00:00,4800.0,18999.570421643253,20044.36046790379,21298.05399198187
2024-02-11 00:00:00+00:00,4800.0,18999.570421643253,20044.36046790379,21542.875666967695
2024-02-12 00:00:00+00:00,4800.0,18999.570421643253,20044.36046790379,22264.218714009185
2024-02-13 00:00:00+00:00,4800.0,18999.570421643253,20044.36046790379,22167.128566057072
2024-02-14 00:00:00+00:00,4800.0,18999.570421643253,20044.36046790379,23101.804109264933
2024-02-15 00:00:00+00:00,4800.0,18999.570421643253,20044.36046790379,23139.640186308196
2024-02-16 00:00:00+00:00,4800.0,18999.570421643253,20044.36046790379,23248.518705311275
2024-02-17 00:00:00+00:00,4800.0,18999.570421643253,20044.36046790379,23033.77231825457
2024-02-18 00:00:00+00:00,4800.0,18999.570421643253,20044.36046790379,23254.56676855195
2024-02-19 00:00:00+00:00,4800.0,18999.570421643253,20044.36046790379,23092.68741216763
2024-02-20 00:00:00+00:00,4800.0,18999.570421643253,20044.36046790379,23308.602377815085
2024-02-21 00:00:00+00:00,4800.0,18999.570421643253,20044.36046790379,23125.987441780384
2024-02-22 00:00:00+00:00,4800.0,18999.570421643253,20044.36046790379,22875.782276874575
2024-02-23 00:00:00+00:00,4800.0,18999.570421643253,20044.36046790379,22633.025685428896
2024-02-24 00:00:00+00:00,4800.0,18999.570421643253,20044.36046790379,23000.579334008908
2024-02-25 00:00:00+00:00,4800.0,18999.570421643253,20044.36046790379,23072.22390615861
2024-02-26 00:00:00+00:00,4800.0,18999.570421643253,20044.36046790379,24297.723870859925
2024-02-27 00:00:00+00:00,4800.0,18999.570421643253,20044.36046790379,25439.92915929306
2024-02-28 00:00:00+00:00,4800.0,18999.570421643253,20044.36046790379,27846.11276167332
2024-02-29 00:00:00+00:00,4800.0,18999.570421643253,20044.36046790379,27265.784144880545
2024-03-01 00:00:00+00:00,4900.0,19099.570421643253,20144.36046790379,27926.398573233946
2024-03-02 00:00:00+00:00,4900.0,19099.570421643253,20144.36046790379,27746.919594833824
2024-03-03 00:00:00+00:00,4900.0,19099.570421643253,20144.36046790379,28251.251722946294
2024-03-04 00:00:00+00:00,4900.0,19099.570421643253,20144.36046790379,30548.335530488624
2024-03-05 00:00:00+00:00,4900.0,19099.570421643253,20144.36046790379,28524.31953346536
2024-03-06 00:00:00+00:00,4900.0,19099.570421643253,20144.36046790379,29576.24653293117
2024-03-07 00:00:00+00:00,4900.0,19099.570421643253,20144.36046790379,29911.57419815665
2024-03-08 00:00:00+00:00,4900.0,19099.570421643253,20144.36046790379,30493.940408309296
2024-03-09 00:00:00+00:00,4900.0,19099.570421643253,20144.36046790379,30578.576926591613
2024-03-10 00:00:00+00:00,4900.0,19099.570421643253,20144.36046790379,30866.223811578922
2024-03-11 00:00:00+00:00,4900.0,19099.570421643253,20144.36046790379,32263.800657947762
2024-03-12 00:00:00+00:00,4900.0,19099.570421643253,20144.36046790379,31983.548501551646
2024-03-13 00:00:00+00:00,4900.0,19099.570421643253,20144.36046790379,32708.8764803155
2024-03-14 00:00:00+00:00,4900.0,19099.570421643253,20144.36046790379,31955.316931803045
2024-03-15 00:00:00+00:00,4900.0,19099.570421643253,20144.36046790379,31109.71718396116
2024-03-16 00:00:00+00:00,4900.0,19099.570421643253,20144.36046790379,29230.050586216938
2024-03-17 00:00:00+00:00,4900.0,19099.570421643253,20144.36046790379,30614.48075106498
2024-03-18 00:00:00+00:00,4900.0,19099.570421643253,20144.36046790379,30263.77276656629
2024-03-19 00:00:00+00:00,4900.0,19099.570421643253,20144.36046790379,27724.592169765485
2024-03-20 00:00:00+00:00,4900.0,19099.570421643253,20144.36046790379,30366.95877351805
2024-03-21 00:00:00+00:00,4900.0,19099.570421643253,20144.36046790379,29319.861624021913
2024-03-22 00:00:00+00:00,4900.0,19099.570421643253,20144.36046790379,28556.830377144463
2024-03-23 00:00:00+00:00,4900.0,19099.570421643253,20144.36046790379,28643.387197221953
2024-03-24 00:00:00+00:00,4900.0,19099.570421643253,20144.36046790379,30084.72364813532
2024-03-25 00:00:00+00:00,4900.0,19099.570421643253,20144.36046790379,31279.885466117943
2024-03-26 00:00:00+00:00,4900.0,19099.570421643253,20144.36046790379,31328.224251866348
2024-03-27 00:00:00+00:00,4900.0,19099.570421643253,20144.36046790379,31096.351167270284
2024-03-28 00:00:00+00:00,4900.0,19099.570421643253,20144.36046790379,31683.01008003731
2024-03-29 00:00:00+00:00,4900.0,19099.570421643253,20144.36046790379,31266.69402231754
2024-03-30 00:00:00+00:00,4900.0,19099.570421643253,20144.36046790379,31146.569968762207
2024-03-31 00:00:00+00:00,4900.0,19099.570421643253,20144.36046790379,31906.55738062633
2024-04-01 00:00:00+00:00,5000.0,19199.570421643253,20244.36046790379,31276.838222232964
2024-04-02 00:00:00+00:00,5000.0,19199.570421643253,20244.36046790379,29397.022256018037
2024-04-03 00:00:00+00:00,5000.0,19199.570421643253,20244.36046790379,29621.231615120763
2024-04-04 00:00:00+00:00,5000.0,19199.570421643253,20244.36046790379,30754.878932608437
2024-04-05 00:00:00+00:00,5000.0,19199.570421643253,20244.36046790379,30455.28198872299
2024-04-06 00:00:00+00:00,5000.0,19199.570421643253,20244.36046790379,30938.18823677901
2024-04-07 00:00:00+00:00,5000.0,19199.570421643253,20244.36046790379,31146.72552828037
2024-04-08 00:00:00+00:00,5000.0,19199.570421643253,20244.36046790379,32161.417811166288
2024-04-09 00:00:00+00:00,5000.0,19199.570421643253,20244.36046790379,31050.452331344655
2024-04-10 00:00:00+00:00,5000.0,19199.570421643253,20244.36046790379,31717.336977574854
2024-04-11 00:00:00+00:00,5000.0,19199.570421643253,20244.36046790379,31436.744099617477
2024-04-12 00:00:00+00:00,5000.0,19199.570421643253,20244.36046790379,30139.101392788307
2024-04-13 00:00:00+00:00,5000.0,19199.570421643253,20244.36046790379,28705.708942810354
2024-04-14 00:00:00+00:00,5000.0,19199.570421643253,20244.36046790379,29485.868060457287
2024-04-15 00:00:00+00:00,5000.0,19199.570421643253,20244.36046790379,28479.151018849316
2024-04-16 00:00:00+00:00,5000.0,19199.570421643253,20244.36046790379,28646.828670492563
2024-04-17 00:00:00+00:00,5000.0,19199.570421643253,20244.36046790379,27516.99384165634
2024-04-18 00:00:00+00:00,5000.0,19199.570421643253,20244.36046790379,28501.64425283649
2024-04-19 00:00:00+00:00,5000.0,19199.570421643253,20244.36046790379,28657.88443852539
2024-04-20 00:00:00+00:00,5000.0,19199.570421643253,20244.36046790379,29161.986147635398
2024-04-21 00:00:00+00:00,5000.0,19199.570421643253,20244.36046790379,29162.23761920723
2024-04-22 00:00:00+00:00,5000.0,19199.570421643253,20244.36046790379,30005.64183716867
2024-04-23 00:00:00+00:00,5000.0,19199.570421643253,20244.36046790379,29823.630305931274
2024-04-24 00:00:00+00:00,5000.0,19199.570421643253,20244.36046790379,28869.650445386458
2024-04-25 00:00:00+00:00,5000.0,19199.570421643253,20244.36046790379,28963.39096434877
2024-04-26 00:00:00+00:00,5000.0,19199.570421643253,20244.36046790379,28636.329732368788
2024-04-27 00:00:00+00:00,5000.0,19199.570421643253,20244.36046790379,28498.006896172563
2024-04-28 00:00:00+00:00,5000.0,19199.570421643253,20244.36046790379,28343.818898132322
2024-04-29 00:00:00+00:00,5000.0,19199.570421643253,20244.36046790379,28679.43465411821
2024-04-30 00:00:00+00:00,5000.0,19199.570421643253,20244.36046790379,27245.148581947517
2024-05-01 00:00:00+00:00,5100.0,19299.570421643253,20344.36046790379,26309.162045604386
2024-05-02 00:00:00+00:00,5100.0,19299.570421643253,20344.36046790379,26622.58197721978
2024-05-03 00:00:00+00:00,5100.0,19299.570421643253,20344.36046790379,28345.14350795486
2024-05-04 00:00:00+00:00,5100.0,19299.570421643253,20344.36046790379,28800.4318375954
2024-05-05 00:00:00+00:00,5100.0,19299.570421643253,20344.36046790379,28854.505863142836
2024-05-06 00:00:00+00:00,5100.0,19299.570421643253,20344.36046790379,28472.79174532168
2024-05-07 00:00:00+00:00,5100.0,19299.570421643253,20344.36046790379,28088.2377945483
2024-05-08 00:00:00+00:00,5100.0,19299.570421643253,20344.36046790379,27583.806831820213
2024-05-09 00:00:00+00:00,5100.0,19299.570421643253,20344.36046790379,28431.690797927422
2024-05-10 00:00:00+00:00,5100.0,19299.570421643253,20344.36046790379,27406.63731697222
2024-05-11 00:00:00+00:00,5100.0,19299.570421643253,20344.36046790379,27418.35726248934
2024-05-12 00:00:00+00:00,5100.0,19299.570421643253,20344.36046790379,27714.962037499463
2024-05-13 00:00:00+00:00,5100.0,19299.570421643253,20344.36046790379,28371.31955550021
2024-05-14 00:00:00+00:00,5100.0,19299.570421643253,20344.36046790379,27757.108764647557
2024-05-15 00:00:00+00:00,5100.0,19299.570421643253,20344.36046790379,29843.714341501065
2024-05-16 00:00:00+00:00,5100.0,19299.570421643253,20344.36046790379,29405.888730681032
2024-05-17 00:00:00+00:00,5100.0,19299.570421643253,20344.36046790379,30212.216474587352
2024-05-18 00:00:00+00:00,5100.0,19299.570421643253,20344.36046790379,30163.173010269566
2024-05-19 00:00:00+00:00,5100.0,19299.570421643253,20344.36046790379,29874.145630803396
2024-05-20 00:00:00+00:00,5100.0,19299.570421643253,20344.36046790379,32205.78822239171
2024-05-21 00:00:00+00:00,5100.0,19299.570421643253,20344.36046790379,31620.566266008518
2024-05-22 00:00:00+00:00,5100.0,19299.570421643253,20344.36046790379,31178.039153967577
2024-05-23 00:00:00+00:00,5100.0,19299.570421643253,20344.36046790379,30638.484416058964
2024-05-24 00:00:00+00:00,5100.0,19299.570421643253,20344.36046790379,30900.082615343734
2024-05-25 00:00:00+00:00,5100.0,19299.570421643253,20344.36046790379,31233.911740384763
2024-05-26 00:00:00+00:00,5100.0,19299.570421643253,20344.36046790379,30881.006150178946
2024-05-27 00:00:00+00:00,5100.0,19299.570421643253,20344.36046790379,31299.660634735785
2024-05-28 00:00:00+00:00,5100.0,19299.570421643253,20344.36046790379,30831.746317636233
2024-05-29 00:00:00+00:00,5100.0,19299.570421643253,20344.36046790379,30495.487557736076
2024-05-30 00:00:00+00:00,5100.0,19299.570421643253,20344.36046790379,30810.91186064388
2024-05-31 00:00:00+00:00,5100.0,19299.570421643253,20344.36046790379,30444.816824059955
2024-06-01 00:00:00+00:00,5200.0,19399.570421643253,20444.36046790379,30647.068841025455
2024-06-02 00:00:00+00:00,5200.0,19399.570421643253,20444.36046790379,30646.364212588567
2024-06-03 00:00:00+00:00,5200.0,19399.570421643253,20444.36046790379,31118.625427547828
2024-06-04 00:00:00+00:00,5200.0,19399.570421643253,20444.36046790379,31900.069923489213
2024-06-05 00:00:00+00:00,5200.0,19399.570421643253,20444.36046790379,32157.919382270153
2024-06-06 00:00:00+00:00,5200.0,19399.570421643253,20444.36046790379,32018.20419390937
2024-06-07 00:00:00+00:00,5200.0,19399.570421643253,20444.36046790379,31365.41308304236
2024-06-08 00:00:00+00:00,5200.0,19399.570421643253,20444.36046790379,31344.998945660973
2024-06-09 00:00:00+00:00,5200.0,19399.570421643253,20444.36046790379,31497.711526763025
2024-06-10 00:00:00+00:00,5200.0,19399.570421643253,20444.36046790379,31448.806236190954
2024-06-11 00:00:00+00:00,5200.0,19399.570421643253,20444.36046790379,30442.227361179965
2024-06-12 00:00:00+00:00,5200.0,19399.570421643253,20444.36046790379,30871.74280154267
2024-06-13 00:00:00+00:00,5200.0,19399.570421643253,20444.36046790379,30197.461220840392
2024-06-14 00:00:00+00:00,5200.0,19399.570421643253,20444.36046790379,29867.768831966256
2024-06-15 00:00:00+00:00,5200.0,19399.570421643253,20444.36046790379,29951.098671441094
2024-06-16 00:00:00+00:00,5200.0,19399.570421643253,20444.36046790379,30153.98281659036
2024-06-17 00:00:00+00:00,5200.0,19399.570421643253,20444.36046790379,30075.953236090038
2024-06-18 00:00:00+00:00,5200.0,19399.570421643253,20444.36046790379,29474.92105351943
2024-06-19 00:00:00+00:00,5200.0,19399.570421643253,20444.36046790379,29384.043319651693
2024-06-20 00:00:00+00:00,5200.0,19399.570421643253,20444.36046790379,29336.838453460525
2024-06-21 00:00:00+00:00,5200.0,19399.570421643253,20444.36046790379,29008.317367550888
2024-06-22 00:00:00+00:00,5200.0,19399.570421643253,20444.36046790379,29061.88525795464
2024-06-23 00:00:00+00:00,5200.0,19399.570421643253,20444.36046790379,28586.12822372293
2024-06-24 00:00:00+00:00,5200.0,19399.570421643253,20444.36046790379,27267.07375669445
2024-06-25 00:00:00+00:00,5200.0,19399.570421643253,20444.36046790379,27951.182524044874
2024-06-26 00:00:00+00:00,5200.0,19399.570421643253,20444.36046790379,27525.615143481453
2024-06-27 00:00:00+00:00,5200.0,19399.570421643253,20444.36046790379,27906.166502003598
2024-06-28 00:00:00+00:00,5200.0,19399.570421643253,20444.36046790379,27327.918197174997
2024-06-29 00:00:00+00:00,5200.0,19399.570421643253,20444.36046790379,27580.648293192153
2024-06-30 00:00:00+00:00,5200.0,19399.570421643253,20444.36046790379,28388.046872968665
2024-07-01 00:00:00+00:00,5300.0,19499.570421643253,20544.36046790379,28545.924615593165
2024-07-02 00:00:00+00:00,5300.0,19499.570421643253,20544.36046790379,28198.81132142687
2024-07-03 00:00:00+00:00,5300.0,19499.570421643253,20544.36046790379,27324.334834049463
2024-07-04 00:00:00+00:00,5300.0,19499.570421643253,20544.36046790379,25890.887569942195
2024-07-05 00:00:00+00:00,5300.0,19499.570421643253,20544.36046790379,25699.72617203515
2024-07-06 00:00:00+00:00,5300.0,19499.570421643253,20544.36046790379,26426.458978940023
2024-07-07 00:00:00+00:00,5300.0,19499.570421643253,20544.36046790379,25349.833919629335
2024-07-08 00:00:00+00:00,5300.0,19499.570421643253,20544.36046790379,25738.678222703118
2024-07-09 00:00:00+00:00,5300.0,19499.570421643253,20544.36046790379,26344.710955092636
2024-07-10 00:00:00+00:00,5300.0,19499.570421643253,20544.36046790379,26197.602633712908
2024-07-11 00:00:00+00:00,5300.0,19499.570421643253,20544.36046790379,26022.44320838599
2024-07-12 00:00:00+00:00,5300.0,19499.570421643253,20544.36046790379,26271.690042212802
2024-07-13 00:00:00+00:00,5300.0,19499.570421643253,20544.36046790379,26868.43745528895
2024-07-14 00:00:00+00:00,5300.0,19499.570421643253,20544.36046790379,27591.789244164276
2024-07-15 00:00:00+00:00,5300.0,19499.570421643253,20544.36046790379,29373.622051971568
2024-07-16 00:00:00+00:00,5300.0,19499.570421643253,20544.36046790379,29518.77891328055
2024-07-17 00:00:00+00:00,5300.0,19499.570421643253,20544.36046790379,29084.91941848178
2024-07-18 00:00:00+00:00,5300.0,19499.570421643253,20544.36046790379,29039.504858184173
2024-07-19 00:00:00+00:00,5300.0,19499.570421643253,20544.36046790379,30252.169375822137
2024-07-20 00:00:00+00:00,5300.0,19499.570421643253,20544.36046790379,30469.98862595145
2024-07-21 00:00:00+00:00,5300.0,19499.570421643253,20544.36046790379,30935.334702077762
2024-07-22 00:00:00+00:00,5300.0,19499.570421643253,20544.36046790379,30647.911863332047
2024-07-23 00:00:00+00:00,5300.0,19499.570421643253,20544.36046790379,29923.602497538286
2024-07-24 00:00:00+00:00,5300.0,19499.570421643253,20544.36046790379,29669.454322138434
2024-07-25 00:00:00+00:00,5300.0,19499.570421643253,20544.36046790379,29861.854670276443
2024-07-26 00:00:00+00:00,5300.0,19499.570421643253,20544.36046790379,30818.54208598314
2024-07-27 00:00:00+00:00,5300.0,19499.570421643253,20544.36046790379,30813.32760314293
2024-07-28 00:00:00+00:00,5300.0,19499.570421643253,20544.36046790379,30973.701314724512
2024-07-29 00:00:00+00:00,5300.0,19499.570421643253,20544.36046790379,30308.757179594584
2024-07-30 00:00:00+00:00,5300.0,19499.570421643253,20544.36046790379,30037.96259596333
2024-07-31 00:00:00+00:00,5300.0,19499.570421643253,20544.36046790379,29329.991035413037
2024-08-01 00:00:00+00:00,5400.0,19599.570421643253,20644.36046790379,29759.47918438145
2024-08-02 00:00:00+00:00,5400.0,19599.570421643253,20644.36046790379,28003.616824311754
2024-08-03 00:00:00+00:00,5400.0,19599.570421643253,20644.36046790379,27639.177421011376
2024-08-04 00:00:00+00:00,5400.0,19599.570421643253,20644.36046790379,26483.944492782095
2024-08-05 00:00:00+00:00,5400.0,19599.570421643253,20644.36046790379,24597.774550061764
2024-08-06 00:00:00+00:00,5400.0,19599.570421643253,20644.36046790379,25509.94314427337
2024-08-07 00:00:00+00:00,5400.0,19599.570421643253,20644.36046790379,25105.65556122087
2024-08-08 00:00:00+00:00,5400.0,19599.570421643253,20644.36046790379,28089.06888021718
2024-08-09 00:00:00+00:00,5400.0,19599.570421643253,20644.36046790379,27702.92722292313
2024-08-10 00:00:00+00:00,5400.0,19599.570421643253,20644.36046790379,27741.869244776655
2024-08-11 00:00:00+00:00,5400.0,19599.570421643253,20644.36046790379,26735.114158757122
2024-08-12 00:00:00+00:00,5400.0,19599.570421643253,20644.36046790379,27023.832458058176
2024-08-13 00:00:00+00:00,5400.0,19599.570421643253,20644.36046790379,27588.705792126388
2024-08-14 00:00:00+00:00,5400.0,19599.570421643253,20644.36046790379,26721.817771501246
2024-08-15 00:00:00+00:00,5400.0,19599.570421643253,20644.36046790379,26201.65126280229
2024-08-16 00:00:00+00:00,5400.0,19599.570421643253,20644.36046790379,26808.88634024086
2024-08-17 00:00:00+00:00,5400.0,19599.570421643253,20644.36046790379,27090.018413114412
2024-08-18 00:00:00+00:00,5400.0,19599.570421643253,20644.36046790379,26605.228490919206
2024-08-19 00:00:00+00:00,5400.0,19599.570421643253,20644.36046790379,27065.661435226844
2024-08-20 00:00:00+00:00,5400.0,19599.570421643253,20644.36046790379,26872.271857570264
2024-08-21 00:00:00+00:00,5400.0,19599.570421643253,20644.36046790379,27847.748558637515
2024-08-22 00:00:00+00:00,5400.0,19599.570421643253,20644.36046790379,27492.48457325515
2024-08-23 00:00:00+00:00,5400.0,19599.570421643253,20644.36046790379,29159.724035538682
2024-08-24 00:00:00+00:00,5400.0,19599.570421643253,20644.36046790379,29214.26199107419
2024-08-25 00:00:00+00:00,5400.0,19599.570421643253,20644.36046790379,29242.944848377196
2024-08-26 00:00:00+00:00,5400.0,19599.570421643253,20644.36046790379,28611.821809450837
2024-08-27 00:00:00+00:00,5400.0,19599.570421643253,20644.36046790379,27054.96057562023
2024-08-28 00:00:00+00:00,5400.0,19599.570421643253,20644.36046790379,26881.879863429822
2024-08-29 00:00:00+00:00,5400.0,19599.570421643253,20644.36046790379,27029.46520841281
2024-08-30 00:00:00+00:00,5400.0,19599.570421643253,20644.36046790379,26922.447505232092
2024-08-31 00:00:00+00:00,5400.0,19599.570421643253,20644.36046790379,26854.144146040926
2024-09-01 00:00:00+00:00,5500.0,19699.570421643253,20744.36046790379,26192.73017267878
2024-09-02 00:00:00+00:00,5500.0,19699.570421643253,20744.36046790379,27029.19091556114
2024-09-03 00:00:00+00:00,5500.0,19699.570421643253,20744.36046790379,26277.538615169648
2024-09-04 00:00:00+00:00,5500.0,19699.570421643253,20744.36046790379,26498.394758431725
2024-09-05 00:00:00+00:00,5500.0,19699.570421643253,20744.36046790379,25679.777569930677
2024-09-06 00:00:00+00:00,5500.0,19699.570421643253,20744.36046790379,24666.377120200104
2024-09-07 00:00:00+00:00,5500.0,19699.570421643253,20744.36046790379,24756.832285442426
2024-09-08 00:00:00+00:00,5500.0,19699.570421643253,20744.36046790379,25080.956056839044
2024-09-09 00:00:00+00:00,5500.0,19699.570421643253,20744.36046790379,26073.796228978026
2024-09-10 00:00:00+00:00,5500.0,19699.570421643253,20744.36046790379,26345.307996132942
2024-09-11 00:00:00+00:00,5500.0,19699.570421643253,20744.36046790379,26209.097299834193
2024-09-12 00:00:00+00:00,5500.0,19699.570421643253,20744.36046790379,26572.17955186957
2024-09-13 00:00:00+00:00,5500.0,19699.570421643253,20744.36046790379,27653.52765086625
2024-09-14 00:00:00+00:00,5500.0,19699.570421643253,20744.36046790379,27422.706766574902
2024-09-15 00:00:00+00:00,5500.0,19699.570421643253,20744.36046790379,27029.131492793535
2024-09-16 00:00:00+00:00,5500.0,19699.570421643253,20744.36046790379,26609.51076287235
2024-09-17 00:00:00+00:00,5500.0,19699.570421643253,20744.36046790379,27569.417008811375
2024-09-18 00:00:00+00:00,5500.0,19699.570421643253,20744.36046790379,28230.381023872247
2024-09-19 00:00:00+00:00,5500.0,19699.570421643253,20744.36046790379,28773.413700146324
2024-09-20 00:00:00+00:00,5500.0,19699.570421643253,20744.36046790379,28889.0869737641
2024-09-21 00:00:00+00:00,5500.0,19699.570421643253,20744.36046790379,28956.69637035307
2024-09-22 00:00:00+00:00,5500.0,19699.570421643253,20744.36046790379,29061.73753955154
2024-09-23 00:00:00+00:00,5500.0,19699.570421643253,20744.36046790379,28952.596199388274
2024-09-24 00:00:00+00:00,5500.0,19699.570421643253,20744.36046790379,29374.36529090751
2024-09-25 00:00:00+00:00,5500.0,19699.570421643253,20744.36046790379,28866.670877430362
2024-09-26 00:00:00+00:00,5500.0,19699.570421643253,20744.36046790379,29790.91432084169
2024-09-27 00:00:00+00:00,5500.0,19699.570421643253,20744.36046790379,30063.326571474936
2024-09-28 00:00:00+00:00,5500.0,19699.570421643253,20744.36046790379,30103.574069072525
2024-09-29 00:00:00+00:00,5500.0,19699.570421643253,20744.36046790379,29986.561497692554
2024-09-30 00:00:00+00:00,5500.0,19699.570421643253,20744.36046790379,28946.928181555108
2024-10-01 00:00:00+00:00,5600.0,19799.570421643253,20844.36046790379,27894.213338663925
2024-10-02 00:00:00+00:00,5600.0,19799.570421643253,20844.36046790379,27822.26978936769
2024-10-03 00:00:00+00:00,5600.0,19799.570421643253,20844.36046790379,27869.717300110013
2024-10-04 00:00:00+00:00,5600.0,19799.570421643253,20844.36046790379,28481.35117420491
2024-10-05 00:00:00+00:00,5600.0,19799.570421643253,20844.36046790379,28468.50644539523
2024-10-06 00:00:00+00:00,5600.0,19799.570421643253,20844.36046790379,28818.025278516037
2024-10-07 00:00:00+00:00,5600.0,19799.570421643253,20844.36046790379,28544.65733762404
2024-10-08 00:00:00+00:00,5600.0,19799.570421643253,20844.36046790379,28515.522740241802
2024-10-09 00:00:00+00:00,5600.0,19799.570421643253,20844.36046790379,27816.186892795675
2024-10-10 00:00:00+00:00,5600.0,19799.570421643253,20844.36046790379,27674.147129176356
2024-10-11 00:00:00+00:00,5600.0,19799.570421643253,20844.36046790379,28689.619277047565
2024-10-12 00:00:00+00:00,5600.0,19799.570421643253,20844.36046790379,28995.241249461295
2024-10-13 00:00:00+00:00,5600.0,19799.570421643253,20844.36046790379,28841.012755682215
2024-10-14 00:00:00+00:00,5600.0,19799.570421643253,20844.36046790379,30315.39036469809
2024-10-15 00:00:00+00:00,5600.0,19799.570421643253,20844.36046790379,30769.612087230365
2024-10-16 00:00:00+00:00,5600.0,19799.570421643253,20844.36046790379,31020.024662778203
2024-10-17 00:00:00+00:00,5600.0,19799.570421643253,20844.36046790379,30929.088570208824
2024-10-18 00:00:00+00:00,5600.0,19799.570421643253,20844.36046790379,31390.682249597226
2024-10-19 00:00:00+00:00,5600.0,19799.570421643253,20844.36046790379,31367.74523386566
2024-10-20 00:00:00+00:00,5600.0,19799.570421643253,20844.36046790379,31667.756812231448
2024-10-21 00:00:00+00:00,5600.0,19799.570421643253,20844.36046790379,30908.775549076945
2024-10-22 00:00:00+00:00,5600.0,19799.570421643253,20844.36046790379,30931.02445433657
2024-10-23 00:00:00+00:00,5600.0,19799.570421643253,20844.36046790379,30583.597477050476
2024-10-24 00:00:00+00:00,5600.0,19799.570421643253,20844.36046790379,31285.300424520105
2024-10-25 00:00:00+00:00,5600.0,19799.570421643253,20844.36046790379,30597.21288958874
2024-10-26 00:00:00+00:00,5600.0,19799.570421643253,20844.36046790379,30778.153831888798
2024-10-27 00:00:00+00:00,5600.0,19799.570421643253,20844.36046790379,31204.29605976249
2024-10-28 00:00:00+00:00,5600.0,19799.570421643253,20844.36046790379,32094.48622770787
2024-10-29 00:00:00+00:00,5600.0,19799.570421643253,20844.36046790379,33367.12819596143
2024-10-30 00:00:00+00:00,5600.0,19799.570421643253,20844.36046790379,33187.44878952661
2024-10-31 00:00:00+00:00,5600.0,19799.570421643253,20844.36046790379,32245.778783473295
2024-11-01 00:00:00+00:00,5700.0,19899.570421643253,20944.36046790379,31980.621493026705
2024-11-02 00:00:00+00:00,5700.0,19899.570421643253,20944.36046790379,31924.662322275395
2024-11-03 00:00:00+00:00,5700.0,19899.570421643253,20944.36046790379,31649.131321143537
2024-11-04 00:00:00+00:00,5700.0,19899.570421643253,20944.36046790379,31223.0165880695
2024-11-05 00:00:00+00:00,5700.0,19899.570421643253,20944.36046790379,31923.40603896334
2024-11-06 00:00:00+00:00,5700.0,19899.570421643253,20944.36046790379,34776.49446718464
2024-11-07 00:00:00+00:00,5700.0,19899.570421643253,20944.36046790379,34908.05908217186
2024-11-08 00:00:00+00:00,5700.0,19899.570421643253,20944.36046790379,35208.04389107014
2024-11-09 00:00:00+00:00,5700.0,19899.570421643253,20944.36046790379,35285.20637669819
2024-11-10 00:00:00+00:00,5700.0,19899.570421643253,20944.36046790379,36984.4330960793
2024-11-11 00:00:00+00:00,5700.0,19899.570421643253,20944.36046790379,40793.76940797827
2024-11-12 00:00:00+00:00,5700.0,19899.570421643253,20944.36046790379,40473.49539350185
2024-11-13 00:00:00+00:00,5700.0,19899.570421643253,20944.36046790379,41588.591788713056
2024-11-14 00:00:00+00:00,5700.0,19899.570421643253,20944.36046790379,40185.23129374566
2024-11-15 00:00:00+00:00,5700.0,19899.570421643253,20944.36046790379,41890.8682792575
2024-11-16 00:00:00+00:00,5700.0,19899.570421643253,20944.36046790379,41686.02047106736
2024-11-17 00:00:00+00:00,5700.0,19899.570421643253,20944.36046790379,41349.66326913448
2024-11-18 00:00:00+00:00,5700.0,19899.570421643253,20944.36046790379,41629.49232379548
2024-11-19 00:00:00+00:00,5700.0,19899.570421643253,20944.36046790379,42479.30586049729
2024-11-20 00:00:00+00:00,5700.0,19899.570421643253,20944.36046790379,43388.5098456435
2024-11-21 00:00:00+00:00,5700.0,19899.570421643253,20944.36046790379,45243.281005429766
2024-11-22 00:00:00+00:00,5700.0,19899.570421643253,20944.36046790379,45507.82758067934
2024-11-23 00:00:00+00:00,5700.0,19899.570421643253,20944.36046790379,44946.5956658895
2024-11-24 00:00:00+00:00,5700.0,19899.570421643253,20944.36046790379,45051.350366678904
2024-11-25 00:00:00+00:00,5700.0,19899.570421643253,20944.36046790379,42801.07084857482
2024-11-26 00:00:00+00:00,5700.0,19899.570421643253,20944.36046790379,42320.254871067315
2024-11-27 00:00:00+00:00,5700.0,19899.570421643253,20944.36046790379,44114.00195392648
2024-11-28 00:00:00+00:00,5700.0,19899.570421643253,20944.36046790379,44013.163359725186
2024-11-29 00:00:00+00:00,5700.0,19899.570421643253,20944.36046790379,44848.85406314978
2024-11-30 00:00:00+00:00,5700.0,19899.570421643253,20944.36046790379,44364.743218054624
2024-12-01 00:00:00+00:00,5800.0,19999.570421643253,21044.36046790379,44822.38820973674
2024-12-02 00:00:00+00:00,5800.0,19999.570421643253,21044.36046790379,44202.11969720126
2024-12-03 00:00:00+00:00,5800.0,19999.570421643253,21044.36046790379,44206.302821492965
2024-12-04 00:00:00+00:00,5800.0,19999.570421643253,21044.36046790379,45468.90993887857
2024-12-05 00:00:00+00:00,5800.0,19999.570421643253,21044.36046790379,44711.75521799197
2024-12-06 00:00:00+00:00,5800.0,19999.570421643253,21044.36046790379,46000.91848716546
2024-12-07 00:00:00+00:00,5800.0,19999.570421643253,21044.36046790379,46042.957272081505
2024-12-08 00:00:00+00:00,5800.0,19999.570421643253,21044.36046790379,46632.19206756951
2024-12-09 00:00:00+00:00,5800.0,19999.570421643253,21044.36046790379,44864.34009568394
2024-12-10 00:00:00+00:00,5800.0,19999.570421643253,21044.36046790379,44549.1206955022
2024-12-11 00:00:00+00:00,5800.0,19999.570421643253,21044.36046790379,46639.29922802542
2024-12-12 00:00:00+00:00,5800.0,19999.570421643253,21044.36046790379,46122.42279749053
2024-12-13 00:00:00+00:00,5800.0,19999.570421643253,21044.36046790379,46777.314657384995
2024-12-14 00:00:00+00:00,5800.0,19999.570421643253,21044.36046790379,46775.3545385052
2024-12-15 00:00:00+00:00,5800.0,19999.570421643253,21044.36046790379,48179.25624883516
2024-12-16 00:00:00+00:00,5800.0,19999.570421643253,21044.36046790379,48914.72513684461
2024-12-17 00:00:00+00:00,5800.0,19999.570421643253,21044.36046790379,48949.35236637282
2024-12-18 00:00:00+00:00,5800.0,19999.570421643253,21044.36046790379,46214.534548707554
2024-12-19 00:00:00+00:00,5800.0,19999.570421643253,21044.36046790379,44949.842787242735
2024-12-20 00:00:00+00:00,5800.0,19999.570421643253,21044.36046790379,45108.30340952966
2024-12-21 00:00:00+00:00,5800.0,19999.570421643253,21044.36046790379,44871.4979886285
2024-12-22 00:00:00+00:00,5800.0,19999.570421643253,21044.36046790379,43900.330570379425
2024-12-23 00:00:00+00:00,5800.0,19999.570421643253,21044.36046790379,43759.75545636506
2024-12-24 00:00:00+00:00,5800.0,19999.570421643253,21044.36046790379,45504.081389648694
2024-12-25 00:00:00+00:00,5800.0,19999.570421643253,21044.36046790379,45857.37321654266
2024-12-26 00:00:00+00:00,5800.0,19999.570421643253,21044.36046790379,44179.51145543951
2024-12-27 00:00:00+00:00,5800.0,19999.570421643253,21044.36046790379,43491.13154098933
2024-12-28 00:00:00+00:00,5800.0,19999.570421643253,21044.36046790379,43952.783351602695
2024-12-29 00:00:00+00:00,5800.0,19999.570421643253,21044.36046790379,43232.47425361179
2024-12-30 00:00:00+00:00,5800.0,19999.570421643253,21044.36046790379,42796.105670525554
2024-12-31 00:00:00+00:00,5800.0,19999.570421643253,21044.36046790379,43157.66689307003
2025-01-01 00:00:00+00:00,5900.0,20099.570421643253,21144.36046790379,43726.153753518345
2025-01-02 00:00:00+00:00,5900.0,20099.570421643253,21144.36046790379,44832.18997395257
2025-01-03 00:00:00+00:00,5900.0,20099.570421643253,21144.36046790379,45381.99740698531
2025-01-04 00:00:00+00:00,5900.0,20099.570421643253,21144.36046790379,45403.409290638345
2025-01-05 00:00:00+00:00,5900.0,20099.570421643253,21144.36046790379,45469.56332063802
2025-01-06 00:00:00+00:00,5900.0,20099.570421643253,21144.36046790379,47259.42945590774
2025-01-07 00:00:00+00:00,5900.0,20099.570421643253,21144.36046790379,44818.2389668574
2025-01-08 00:00:00+00:00,5900.0,20099.570421643253,21144.36046790379,43942.71850833327
2025-01-09 00:00:00+00:00,5900.0,20099.570421643253,21144.36046790379,42783.31493260279
2025-01-10 00:00:00+00:00,5900.0,20099.570421643253,21144.36046790379,43788.092535061725
2025-01-11 00:00:00+00:00,5900.0,20099.570421643253,21144.36046790379,43729.792302628215
2025-01-12 00:00:00+00:00,5900.0,20099.570421643253,21144.36046790379,43704.40036029097
2025-01-13 00:00:00+00:00,5900.0,20099.570421643253,21144.36046790379,43700.258510603344
2025-01-14 00:00:00+00:00,5900.0,20099.570421643253,21144.36046790379,44636.22408800636
2025-01-15 00:00:00+00:00,5900.0,20099.570421643253,21144.36046790379,46455.90599390691
2025-01-16 00:00:00+00:00,5900.0,20099.570421643253,21144.36046790379,46220.130275918404
2025-01-17 00:00:00+00:00,5900.0,20099.570421643253,21144.36046790379,48110.8569227221
2025-01-18 00:00:00+00:00,5900.0,20099.570421643253,21144.36046790379,48332.163902404485
2025-01-19 00:00:00+00:00,5900.0,20099.570421643253,21144.36046790379,46841.532539265936
2025-01-20 00:00:00+00:00,5900.0,20099.570421643253,21144.36046790379,47270.713222746475
2025-01-21 00:00:00+00:00,5900.0,20099.570421643253,21144.36046790379,49066.04327133179
2025-01-22 00:00:00+00:00,5900.0,20099.570421643253,21144.36046790379,47939.44166589533
2025-01-23 00:00:00+00:00,5900.0,20099.570421643253,21144.36046790379,48033.594784687404
2025-01-24 00:00:00+00:00,5900.0,20099.570421643253,21144.36046790379,48477.438355678176
2025-01-25 00:00:00+00:00,5900.0,20099.570421643253,21144.36046790379,48420.27990546883
2025-01-26 00:00:00+00:00,5900.0,20099.570421643253,21144.36046790379,47437.12220366733
2025-01-27 00:00:00+00:00,5900.0,20099.570421643253,21144.36046790379,47188.80999421358
2025-01-28 00:00:00+00:00,5900.0,20099.570421643253,21144.36046790379,46843.35846630457
2025-01-29 00:00:00+00:00,5900.0,20099.570421643253,21144.36046790379,47951.72853695529
2025-01-30 00:00:00+00:00,5900.0,20099.570421643253,21144.36046790379,48409.22726863498
2025-01-31 00:00:00+00:00,5900.0,20099.570421643253,21144.36046790379,47349.08940740475
2025-02-01 00:00:00+00:00,6000.0,20199.570421643253,21244.36046790379,46619.83655325954
2025-02-02 00:00:00+00:00,6000.0,20199.570421643253,21244.36046790379,45260.012044052746
2025-02-03 00:00:00+00:00,6000.0,20199.570421643253,21244.36046790379,46940.65855289144
2025-02-04 00:00:00+00:00,6000.0,20199.570421643253,21244.36046790379,45288.98383586317
2025-02-05 00:00:00+00:00,6000.0,20199.570421643253,21244.36046790379,44755.91954363022
2025-02-06 00:00:00+00:00,6000.0,20199.570421643253,21244.36046790379,44729.01385657635
2025-02-07 00:00:00+00:00,6000.0,20199.570421643253,21244.36046790379,44706.98621505755
2025-02-08 00:00:00+00:00,6000.0,20199.570421643253,21244.36046790379,44678.236784297165
2025-02-09 00:00:00+00:00,6000.0,20199.570421643253,21244.36046790379,44686.579956195244
2025-02-10 00:00:00+00:00,6000.0,20199.570421643253,21244.36046790379,45135.04050141289
2025-02-11 00:00:00+00:00,6000.0,20199.570421643253,21244.36046790379,44369.46067119649
2025-02-12 00:00:00+00:00,6000.0,20199.570421643253,21244.36046790379,45338.48696462654
2025-02-13 00:00:00+00:00,6000.0,20199.570421643253,21244.36046790379,44753.93219174556
2025-02-14 00:00:00+00:00,6000.0,20199.570421643253,21244.36046790379,45167.31064879878
2025-02-15 00:00:00+00:00,6000.0,20199.570421643253,21244.36046790379,45199.35843513465
2025-02-16 00:00:00+00:00,6000.0,20199.570421643253,21244.36046790379,44526.92935479414
2025-02-17 00:00:00+00:00,6000.0,20199.570421643253,21244.36046790379,44370.29452513411
2025-02-18 00:00:00+00:00,6000.0,20199.570421643253,21244.36046790379,44320.142843308146
2025-02-19 00:00:00+00:00,6000.0,20199.570421643253,21244.36046790379,44770.71581850109
2025-02-20 00:00:00+00:00,6000.0,20199.570421643253,21244.36046790379,45540.00629873991
2025-02-21 00:00:00+00:00,6000.0,20199.570421643253,21244.36046790379,44556.512639492146
2025-02-22 00:00:00+00:00,6000.0,20199.570421643253,21244.36046790379,44727.46659426987
2025-02-23 00:00:00+00:00,6000.0,20199.570421643253,21244.36046790379,44591.72907079097
2025-02-24 00:00:00+00:00,6000.0,20199.570421643253,21244.36046790379,42412.07193802736
2025-02-25 00:00:00+00:00,6000.0,20199.570421643253,21244.36046790379,41081.38929428589
2025-02-26 00:00:00+00:00,6000.0,20199.570421643253,21244.36046790379,39029.038495187466
2025-02-27 00:00:00+00:00,6000.0,20199.570421643253,21244.36046790379,39241.43499066491
2025-02-28 00:00:00+00:00,6000.0,20199.570421643253,21244.36046790379,39075.294226116
2025-03-01 00:00:00+00:00,6100.0,20299.570421643253,21344.36046790379,39969.58179439591
2025-03-02 00:00:00+00:00,6100.0,20299.570421643253,21344.36046790379,43780.15213968176
2025-03-03 00:00:00+00:00,6100.0,20299.570421643253,21344.36046790379,40041.91602181146
2025-03-04 00:00:00+00:00,6100.0,20299.570421643253,21344.36046790379,40534.82935666342
2025-03-05 00:00:00+00:00,6100.0,20299.570421643253,21344.36046790379,42078.54993709056
2025-03-06 00:00:00+00:00,6100.0,20299.570421643253,21344.36046790379,41765.4802843866
2025-03-07 00:00:00+00:00,6100.0,20299.570421643253,21344.36046790379,40311.80461430594
2025-03-08 00:00:00+00:00,6100.0,20299.570421643253,21344.36046790379,40042.77054053361
2025-03-09 00:00:00+00:00,6100.0,20299.570421643253,21344.36046790379,37494.038416265605
2025-03-10 00:00:00+00:00,6100.0,20299.570421643253,21344.36046790379,36500.88796381806
2025-03-11 00:00:00+00:00,6100.0,20299.570421643253,21344.36046790379,38515.10469501121
2025-03-12 00:00:00+00:00,6100.0,20299.570421643253,21344.36046790379,38862.081093315224
2025-03-13 00:00:00+00:00,6100.0,20299.570421643253,21344.36046790379,37671.16993029548
2025-03-14 00:00:00+00:00,6100.0,20299.570421643253,21344.36046790379,39002.83518804838
2025-03-15 00:00:00+00:00,6100.0,20299.570421643253,21344.36046790379,39167.81303090508
2025-03-16 00:00:00+00:00,6100.0,20299.570421643253,21344.36046790379,38348.63144439075
2025-03-17 00:00:00+00:00,6100.0,20299.570421643253,21344.36046790379,39015.295371371896
2025-03-18 00:00:00+00:00,6100.0,20299.570421643253,21344.36046790379,38413.88137942443
2025-03-19 00:00:00+00:00,6100.0,20299.570421643253,21344.36046790379,40332.326996008
2025-03-20 00:00:00+00:00,6100.0,20299.570421643253,21344.36046790379,39114.382390153296
2025-03-21 00:00:00+00:00,6100.0,20299.570421643253,21344.36046790379,39051.872487978675
2025-03-22 00:00:00+00:00,6100.0,20299.570421643253,21344.36046790379,38936.605342958326
2025-03-23 00:00:00+00:00,6100.0,20299.570421643253,21344.36046790379,39977.77603229188
2025-03-24 00:00:00+00:00,6100.0,20299.570421643253,21344.36046790379,40635.226018268986
2025-03-25 00:00:00+00:00,6100.0,20299.570421643253,21344.36046790379,40586.32804204338
2025-03-26 00:00:00+00:00,6100.0,20299.570421643253,21344.36046790379,40361.6917888349
2025-03-27 00:00:00+00:00,6100.0,20299.570421643253,21344.36046790379,40511.62267158418
2025-03-28 00:00:00+00:00,6100.0,20299.570421643253,21344.36046790379,39207.72462817764
2025-03-29 00:00:00+00:00,6100.0,20299.570421643253,21344.36046790379,38383.0026023398
2025-03-30 00:00:00+00:00,6100.0,20299.570421643253,21344.36046790379,38262.928789507365
2025-03-31 00:00:00+00:00,6100.0,20299.570421643253,21344.36046790379,38337.24405359341
2025-04-01 00:00:00+00:00,6200.0,20399.570421643253,21444.36046790379,39648.58471584541
2025-04-02 00:00:00+00:00,6200.0,20399.570421643253,21444.36046790379,38418.33471211079
2025-04-03 00:00:00+00:00,6200.0,20399.570421643253,21444.36046790379,38742.754237363304
2025-04-04 00:00:00+00:00,6200.0,20399.570421643253,21444.36046790379,39057.85275386789
2025-04-05 00:00:00+00:00,6200.0,20399.570421643253,21444.36046790379,38894.022755954786
2025-04-06 00:00:00+00:00,6200.0,20399.570421643253,21444.36046790379,36515.81998500962
2025-04-07 00:00:00+00:00,6200.0,20399.570421643253,21444.36046790379,36857.20542228883
2025-04-08 00:00:00+00:00,6200.0,20399.570421643253,21444.36046790379,35534.562661485375
2025-04-09 00:00:00+00:00,6200.0,20399.570421643253,21444.36046790379,38464.39502157295
2025-04-10 00:00:00+00:00,6200.0,20399.570421643253,21444.36046790379,37063.95303190943
2025-04-11 00:00:00+00:00,6200.0,20399.570421643253,21444.36046790379,38840.87624503691
2025-04-12 00:00:00+00:00,6200.0,20399.570421643253,21444.36046790379,39703.632911891706
2025-04-13 00:00:00+00:00,6200.0,20399.570421643253,21444.36046790379,38997.38724906803
2025-04-14 00:00:00+00:00,6200.0,20399.570421643253,21444.36046790379,39384.5583007464
2025-04-15 00:00:00+00:00,6200.0,20399.570421643253,21444.36046790379,38943.37475032443
2025-04-16 00:00:00+00:00,6200.0,20399.570421643253,21444.36046790379,39123.27208149883
2025-04-17 00:00:00+00:00,6200.0,20399.570421643253,21444.36046790379,39550.46015125333
2025-04-18 00:00:00+00:00,6200.0,20399.570421643253,21444.36046790379,39330.136087332554
2025-04-19 00:00:00+00:00,6200.0,20399.570421643253,21444.36046790379,39610.56715571673
2025-04-20 00:00:00+00:00,6200.0,20399.570421643253,21444.36046790379,39658.16389519229
2025-04-21 00:00:00+00:00,6200.0,20399.570421643253,21444.36046790379,40746.231039738595
2025-04-22 00:00:00+00:00,6200.0,20399.570421643253,21444.36046790379,43505.64072040105
2025-04-23 00:00:00+00:00,6200.0,20399.570421643253,21444.36046790379,43621.147666468634
2025-04-24 00:00:00+00:00,6200.0,20399.570421643253,21444.36046790379,43755.883266946286
2025-04-25 00:00:00+00:00,6200.0,20399.570421643253,21444.36046790379,44062.33587273913
2025-04-26 00:00:00+00:00,6200.0,20399.570421643253,21444.36046790379,44057.36342651396
2025-04-27 00:00:00+00:00,6200.0,20399.570421643253,21444.36046790379,43648.254016583734
2025-04-28 00:00:00+00:00,6200.0,20399.570421643253,21444.36046790379,44235.766230311696
2025-04-29 00:00:00+00:00,6200.0,20399.570421643253,21444.36046790379,43884.54764094677
2025-04-30 00:00:00+00:00,6200.0,20399.570421643253,21444.36046790379,43845.056733754
2025-05-01 00:00:00+00:00,6300.0,20499.570421643253,21544.36046790379,45024.24051931378
2025-05-02 00:00:00+00:00,6300.0,20499.570421643253,21544.36046790379,45209.44340409338
2025-05-03 00:00:00+00:00,6300.0,20499.570421643253,21544.36046790379,44728.48919793694
2025-05-04 00:00:00+00:00,6300.0,20499.570421643253,21544.36046790379,43991.79009373816
2025-05-05 00:00:00+00:00,6300.0,20499.570421643253,21544.36046790379,44204.59665154212
2025-05-06 00:00:00+00:00,6300.0,20499.570421643253,21544.36046790379,45184.656568259175
2025-05-07 00:00:00+00:00,6300.0,20499.570421643253,21544.36046790379,45276.33799718809
2025-05-08 00:00:00+00:00,6300.0,20499.570421643253,21544.36046790379,48183.891701376764
2025-05-09 00:00:00+00:00,6300.0,20499.570421643253,21544.36046790379,48048.75398439741
2025-05-10 00:00:00+00:00,6300.0,20499.570421643253,21544.36046790379,48906.18625696482
2025-05-11 00:00:00+00:00,6300.0,20499.570421643253,21544.36046790379,48583.50477005921
2025-05-12 00:00:00+00:00,6300.0,20499.570421643253,21544.36046790379,47964.44981214279
2025-05-13 00:00:00+00:00,6300.0,20499.570421643253,21544.36046790379,48576.84144145017
2025-05-14 00:00:00+00:00,6300.0,20499.570421643253,21544.36046790379,48298.78279172122
2025-05-15 00:00:00+00:00,6300.0,20499.570421643253,21544.36046790379,48418.18609408595
2025-05-16 00:00:00+00:00,6300.0,20499.570421643253,21544.36046790379,48278.28885667155
2025-05-17 00:00:00+00:00,6300.0,20499.570421643253,21544.36046790379,48120.92137954269
2025-05-18 00:00:00+00:00,6300.0,20499.570421643253,21544.36046790379,49673.649594720635
2025-05-19 00:00:00+00:00,6300.0,20499.570421643253,21544.36046790379,49262.7816600683
2025-05-20 00:00:00+00:00,6300.0,20499.570421643253,21544.36046790379,49858.30498901034
2025-05-21 00:00:00+00:00,6300.0,20499.570421643253,21544.36046790379,51162.040292488564
2025-05-22 00:00:00+00:00,6300.0,20499.570421643253,21544.36046790379,52119.646471623884
2025-05-23 00:00:00+00:00,6300.0,20499.570421643253,21544.36046790379,50076.82763753285
2025-05-24 00:00:00+00:00,6300.0,20499.570421643253,21544.36046790379,50283.82478068818
2025-05-25 00:00:00+00:00,6300.0,20499.570421643253,21544.36046790379,50863.497040102964
2025-05-26 00:00:00+00:00,6300.0,20499.570421643253,21544.36046790379,51064.423461605365
2025-05-27 00:00:00+00:00,6300.0,20499.570421643253,21544.36046790379,50832.69081077739
2025-05-28 00:00:00+00:00,6300.0,20499.570421643253,21544.36046790379,50293.09651314347
2025-05-29 00:00:00+00:00,6300.0,20499.570421643253,21544.36046790379,49270.25224067269
2025-05-30 00:00:00+00:00,6300.0,20499.570421643253,21544.36046790379,48521.66833397584
2025-05-31 00:00:00+00:00,6300.0,20499.570421643253,21544.36046790379,48804.62649003496
2025-06-01 00:00:00+00:00,6400.0,20599.570421643253,21644.36046790379,49395.06707368592
2025-06-02 00:00:00+00:00,6400.0,20599.570421643253,21644.36046790379,49495.469073994784
2025-06-03 00:00:00+00:00,6400.0,20599.570421643253,21644.36046790379,49270.52365257219
2025-06-04 00:00:00+00:00,6400.0,20599.570421643253,21644.36046790379,48952.56556708059
2025-06-05 00:00:00+00:00,6400.0,20599.570421643253,21644.36046790379,47461.88484857905
2025-06-06 00:00:00+00:00,6400.0,20599.570421643253,21644.36046790379,48761.60275473926
2025-06-07 00:00:00+00:00,6400.0,20599.570421643253,21644.36046790379,49352.46905801497
2025-06-08 00:00:00+00:00,6400.0,20599.570421643253,21644.36046790379,49437.49571543692
2025-06-09 00:00:00+00:00,6400.0,20599.570421643253,21644.36046790379,51555.10600961976
2025-06-10 00:00:00+00:00,6400.0,20599.570421643253,21644.36046790379,51560.422221304594
2025-06-11 00:00:00+00:00,6400.0,20599.570421643253,21644.36046790379,50798.63293267189
2025-06-12 00:00:00+00:00,6400.0,20599.570421643253,21644.36046790379,49408.3804558402
2025-06-13 00:00:00+00:00,6400.0,20599.570421643253,21644.36046790379,49593.00308960225
2025-06-14 00:00:00+00:00,6400.0,20599.570421643253,21644.36046790379,49288.17422346951
2025-06-15 00:00:00+00:00,6400.0,20599.570421643253,21644.36046790379,49372.04132020734
2025-06-16 00:00:00+00:00,6400.0,20599.570421643253,21644.36046790379,49933.36220427771
2025-06-17 00:00:00+00:00,6400.0,20599.570421643253,21644.36046790379,48884.44605253672
2025-06-18 00:00:00+00:00,6400.0,20599.570421643253,21644.36046790379,49041.36547237384
2025-06-19 00:00:00+00:00,6400.0,20599.570421643253,21644.36046790379,48934.671862491436
2025-06-20 00:00:00+00:00,6400.0,20599.570421643253,21644.36046790379,48298.503206520574
2025-06-21 00:00:00+00:00,6400.0,20599.570421643253,21644.36046790379,47747.72123286148
2025-06-22 00:00:00+00:00,6400.0,20599.570421643253,21644.36046790379,47207.15087425928
2025-06-23 00:00:00+00:00,6400.0,20599.570421643253,21644.36046790379,49250.43706910864
2025-06-24 00:00:00+00:00,6400.0,20599.570421643253,21644.36046790379,49600.67582783868
2025-06-25 00:00:00+00:00,6400.0,20599.570421643253,21644.36046790379,50188.67595893955
2025-06-26 00:00:00+00:00,6400.0,20599.570421643253,21644.36046790379,50004.679861998746
2025-06-27 00:00:00+00:00,6400.0,20599.570421643253,21644.36046790379,50051.684150536705
2025-06-28 00:00:00+00:00,6400.0,20599.570421643253,21644.36046790379,50168.20129669865
2025-06-29 00:00:00+00:00,6400.0,20599.570421643253,21644.36046790379,50663.88543527057
2025-06-30 00:00:00+00:00,6400.0,20599.570421643253,21644.36046790379,50097.930984111656
2025-07-01 00:00:00+00:00,6500.0,20699.570421643253,21744.36046790379,49512.780240532746
2025-07-02 00:00:00+00:00,6500.0,20699.570421643253,21744.36046790379,50997.08205731292
2025-07-03 00:00:00+00:00,6500.0,20699.570421643253,21744.36046790379,51341.52094167166
2025-07-04 00:00:00+00:00,6500.0,20699.570421643253,21744.36046790379,50591.65259382278
2025-07-05 00:00:00+00:00,6500.0,20699.570421643253,21744.36046790379,50691.85742609058
2025-07-06 00:00:00+00:00,6500.0,20699.570421643253,21744.36046790379,51163.04689639347
2025-07-07 00:00:00+00:00,6500.0,20699.570421643253,21744.36046790379,50722.22621806552
2025-07-08 00:00:00+00:00,6500.0,20699.570421643253,21744.36046790379,51031.461291424625
2025-07-09 00:00:00+00:00,6500.0,20699.570421643253,21744.36046790379,52114.191651529494
2025-07-10 00:00:00+00:00,6500.0,20699.570421643253,21744.36046790379,54351.7981643375
2025-07-11 00:00:00+00:00,6500.0,20699.570421643253,21744.36046790379,55062.836436918216
2025-07-12 00:00:00+00:00,6500.0,20699.570421643253,21744.36046790379,55012.39669387561
2025-07-13 00:00:00+00:00,6500.0,20699.570421643253,21744.36046790379,55793.23352598156
2025-07-14 00:00:00+00:00,6500.0,20699.570421643253,21744.36046790379,56146.742756107575
2025-07-15 00:00:00+00:00,6500.0,20699.570421643253,21744.36046790379,55170.795102990174
2025-07-16 00:00:00+00:00,6500.0,20699.570421643253,21744.36046790379,55579.49476345633
2025-07-17 00:00:00+00:00,6500.0,20699.570421643253,21744.36046790379,55835.83041839689
2025-07-18 00:00:00+00:00,6500.0,20699.570421643253,21744.36046790379,55248.919078025974
2025-07-19 00:00:00+00:00,6500.0,20699.570421643253,21744.36046790379,55209.17072395079
2025-07-20 00:00:00+00:00,6500.0,20699.570421643253,21744.36046790379,54939.83392773741
2025-07-21 00:00:00+00:00,6500.0,20699.570421643253,21744.36046790379,54993.82497351328
2025-07-22 00:00:00+00:00,6500.0,20699.570421643253,21744.36046790379,56199.79678269261
2025-07-23 00:00:00+00:00,6500.0,20699.570421643253,21744.36046790379,55638.3208282569
2025-07-24 00:00:00+00:00,6500.0,20699.570421643253,21744.36046790379,55443.88934615881
2025-07-25 00:00:00+00:00,6500.0,20699.570421643253,21744.36046790379,55103.432793361106
2025-07-26 00:00:00+00:00,6500.0,20699.570421643253,21744.36046790379,55246.64680648821
2025-07-27 00:00:00+00:00,6500.0,20699.570421643253,21744.36046790379,55947.331017010205
2025-07-28 00:00:00+00:00,6500.0,20699.570421643253,21744.36046790379,55313.32977720392
2025-07-29 00:00:00+00:00,6500.0,20699.570421643253,21744.36046790379,55261.06284673919
2025-07-30 00:00:00+00:00,6500.0,20699.570421643253,21744.36046790379,55209.311276829416
2025-07-31 00:00:00+00:00,6500.0,20699.570421643253,21744.36046790379,54236.58228463253
2025-08-01 00:00:00+00:00,6600.0,20799.570421643253,21844.36046790379,53181.16734589465
2025-08-02 00:00:00+00:00,6600.0,20799.570421643253,21844.36046790379,52828.22996798095
2025-08-03 00:00:00+00:00,6600.0,20799.570421643253,21844.36046790379,53608.56883201581
2025-08-04 00:00:00+00:00,6600.0,20799.570421643253,21844.36046790379,54005.781474147734
2025-08-05 00:00:00+00:00,6600.0,20799.570421643253,21844.36046790379,53571.463483162035
2025-08-06 00:00:00+00:00,6600.0,20799.570421643253,21844.36046790379,53976.32250268584
2025-08-07 00:00:00+00:00,6600.0,20799.570421643253,21844.36046790379,55140.28983686239
2025-08-08 00:00:00+00:00,6600.0,20799.570421643253,21844.36046790379,54766.058572085065
2025-08-09 00:00:00+00:00,6600.0,20799.570421643253,21844.36046790379,54666.317704558955
2025-08-10 00:00:00+00:00,6600.0,20799.570421643253,21844.36046790379,55995.52001537694
2025-08-11 00:00:00+00:00,6600.0,20799.570421643253,21844.36046790379,55710.12566804509
2025-08-12 00:00:00+00:00,6600.0,20799.570421643253,21844.36046790379,56389.84120970445
2025-08-13 00:00:00+00:00,6600.0,20799.570421643253,21844.36046790379,57878.913359435865
2025-08-14 00:00:00+00:00,6600.0,20799.570421643253,21844.36046790379,55526.63608018388
2025-08-15 00:00:00+00:00,6600.0,20799.570421643253,21844.36046790379,55079.28779844321
2025-08-16 00:00:00+00:00,6600.0,20799.570421643253,21844.36046790379,55097.410980217326
2025-08-17 00:00:00+00:00,6600.0,20799.570421643253,21844.36046790379,55108.84064808057
2025-08-18 00:00:00+00:00,6600.0,20799.570421643253,21844.36046790379,54555.916970208455
2025-08-19 00:00:00+00:00,6600.0,20799.570421643253,21844.36046790379,52981.52833461161
2025-08-20 00:00:00+00:00,6600.0,20799.570421643253,21844.36046790379,53637.87759839696
2025-08-21 00:00:00+00:00,6600.0,20799.570421643253,21844.36046790379,52806.47370081621
2025-08-22 00:00:00+00:00,6600.0,20799.570421643253,21844.36046790379,54888.68693879029
2025-08-23 00:00:00+00:00,6600.0,20799.570421643253,21844.36046790379,54185.56756798673
2025-08-24 00:00:00+00:00,6600.0,20799.570421643253,21844.36046790379,53272.85578263304
2025-08-25 00:00:00+00:00,6600.0,20799.570421643253,21844.36046790379,51685.55889790934
2025-08-26 00:00:00+00:00,6600.0,20799.570421643253,21844.36046790379,52460.63589020921
2025-08-27 00:00:00+00:00,6600.0,20799.570421643253,21844.36046790379,52225.37248857733
2025-08-28 00:00:00+00:00,6600.0,20799.570421643253,21844.36046790379,52837.87595051029
2025-08-29 00:00:00+00:00,6600.0,20799.570421643253,21844.36046790379,50871.3628698919
2025-08-30 00:00:00+00:00,6600.0,20799.570421643253,21844.36046790379,51077.392607683
2025-08-31 00:00:00+00:00,6600.0,20799.570421643253,21844.36046790379,50809.84919541642
2025-09-01 00:00:00+00:00,6700.0,20899.570421643253,21944.36046790379,51375.04841222235
2025-09-02 00:00:00+00:00,6700.0,20899.570421643253,21944.36046790379,52316.724304994954
2025-09-03 00:00:00+00:00,6700.0,20899.570421643253,21944.36046790379,52535.74530749969
2025-09-04 00:00:00+00:00,6700.0,20899.570421643253,21944.36046790379,52077.27325664782
2025-09-05 00:00:00+00:00,6700.0,20899.570421643253,21944.36046790379,52043.938043726346
2025-09-06 00:00:00+00:00,6700.0,20899.570421643253,21944.36046790379,51821.944714110105
2025-09-07 00:00:00+00:00,6700.0,20899.570421643253,21944.36046790379,52268.438098580606
2025-09-08 00:00:00+00:00,6700.0,20899.570421643253,21944.36046790379,52704.82933331136
2025-09-09 00:00:00+00:00,6700.0,20899.570421643253,21944.36046790379,52460.81632721398
2025-09-10 00:00:00+00:00,6700.0,20899.570421643253,21944.36046790379,53595.948991709236
2025-09-11 00:00:00+00:00,6700.0,20899.570421643253,21944.36046790379,54312.07759446622
2025-09-12 00:00:00+00:00,6700.0,20899.570421643253,21944.36046790379,54569.20740485791
2025-09-13 00:00:00+00:00,6700.0,20899.570421643253,21944.36046790379,54516.94241879746
2025-09-14 00:00:00+00:00,6700.0,20899.570421643253,21944.36046790379,54211.112533659434
2025-09-15 00:00:00+00:00,6700.0,20899.570421643253,21944.36046790379,54249.53644584462
2025-09-16 00:00:00+00:00,6700.0,20899.570421643253,21944.36046790379,54926.42280585092
2025-09-17 00:00:00+00:00,6700.0,20899.570421643253,21944.36046790379,54765.87481438636
2025-09-18 00:00:00+00:00,6700.0,20899.570421643253,21944.36046790379,55060.257477705694
2025-09-19 00:00:00+00:00,6700.0,20899.570421643253,21944.36046790379,54382.477538346255
2025-09-20 00:00:00+00:00,6700.0,20899.570421643253,21944.36046790379,54407.52127548041
2025-09-21 00:00:00+00:00,6700.0,20899.570421643253,21944.36046790379,54194.31324182034
2025-09-22 00:00:00+00:00,6700.0,20899.570421643253,21944.36046790379,52980.31514483632
2025-09-23 00:00:00+00:00,6700.0,20899.570421643253,21944.36046790379,52673.58697729593
2025-09-24 00:00:00+00:00,6700.0,20899.570421643253,21944.36046790379,53288.839877181446
2025-09-25 00:00:00+00:00,6700.0,20899.570421643253,21944.36046790379,51260.64519495755
2025-09-26 00:00:00+00:00,6700.0,20899.570421643253,21944.36046790379,51565.85898064682
2025-09-27 00:00:00+00:00,6700.0,20899.570421643253,21944.36046790379,51562.27996018502
2025-09-28 00:00:00+00:00,6700.0,20899.570421643253,21944.36046790379,52751.257835281016
2025-09-29 00:00:00+00:00,6700.0,20899.570421643253,21944.36046790379,53761.47751230525
2025-09-30 00:00:00+00:00,6700.0,20899.570421643253,21944.36046790379,53637.77320848558
2025-10-01 00:00:00+00:00,6800.0,20999.570421643253,22044.36046790379,55875.80760540775
2025-10-02 00:00:00+00:00,6800.0,20999.570421643253,22044.36046790379,56787.02333828533
2025-10-03 00:00:00+00:00,6800.0,20999.570421643253,22044.36046790379,57589.221518951956
2025-10-04 00:00:00+00:00,6800.0,20999.570421643253,22044.36046790379,57664.133867776436
2025-10-05 00:00:00+00:00,6800.0,20999.570421643253,22044.36046790379,58178.30113441567
2025-10-06 00:00:00+00:00,6800.0,20999.570421643253,22044.36046790379,58732.47819138305
2025-10-07 00:00:00+00:00,6800.0,20999.570421643253,22044.36046790379,57165.6369453001
2025-10-08 00:00:00+00:00,6800.0,20999.570421643253,22044.36046790379,58095.23323365313
2025-10-09 00:00:00+00:00,6800.0,20999.570421643253,22044.36046790379,57320.856274358106
2025-10-10 00:00:00+00:00,6800.0,20999.570421643253,22044.36046790379,53133.35020443949
2025-10-11 00:00:00+00:00,6800.0,20999.570421643253,22044.36046790379,52129.76030361548
2025-10-12 00:00:00+00:00,6800.0,20999.570421643253,22044.36046790379,54162.47626442253
2025-10-13 00:00:00+00:00,6800.0,20999.570421643253,22044.36046790379,54260.09789131832
2025-10-14 00:00:00+00:00,6800.0,20999.570421643253,22044.36046790379,53252.8518909542
2025-10-15 00:00:00+00:00,6800.0,20999.570421643253,22044.36046790379,52185.7702409001
2025-10-16 00:00:00+00:00,6800.0,20999.570421643253,22044.36046790379,50975.39398850966
2025-10-17 00:00:00+00:00,6800.0,20999.570421643253,22044.36046790379,50144.95055430827
2025-10-18 00:00:00+00:00,6800.0,20999.570421643253,22044.36046790379,50499.87960927646
2025-10-19 00:00:00+00:00,6800.0,20999.570421643253,22044.36046790379,51186.70334981644
2025-10-20 00:00:00+00:00,6800.0,20999.570421643253,22044.36046790379,52076.84580112192
2025-10-21 00:00:00+00:00,6800.0,20999.570421643253,22044.36046790379,51024.10586111949
2025-10-22 00:00:00+00:00,6800.0,20999.570421643253,22044.36046790379,50680.060298339005
2025-10-23 00:00:00+00:00,6800.0,20999.570421643253,22044.36046790379,51862.98753536771
2025-10-24 00:00:00+00:00,6800.0,20999.570421643253,22044.36046790379,52299.60403083394
2025-10-25 00:00:00+00:00,6800.0,20999.570421643253,22044.36046790379,52601.78819617384
2025-10-26 00:00:00+00:00,6800.0,20999.570421643253,22044.36046790379,53974.30021335022
2025-10-27 00:00:00+00:00,6800.0,20999.570421643253,22044.36046790379,53761.4596247876
2025-10-28 00:00:00+00:00,6800.0,20999.570421643253,22044.36046790379,53191.74885624322
2025-10-29 00:00:00+00:00,6800.0,20999.570421643253,22044.36046790379,51836.18399118769
2025-10-30 00:00:00+00:00,6800.0,20999.570421643253,22044.36046790379,51035.98347315638
2025-10-31 00:00:00+00:00,6800.0,20999.570421643253,22044.36046790379,51641.46842186581
2025-11-01 00:00:00+00:00,6900.0,21099.570421643253,22144.36046790379,51972.37278057894
2025-11-02 00:00:00+00:00,6900.0,21099.570421643253,22144.36046790379,52181.14177161376
2025-11-03 00:00:00+00:00,6900.0,21099.570421643253,22144.36046790379,50312.9229953134
2025-11-04 00:00:00+00:00,6900.0,21099.570421643253,22144.36046790379,47912.1426269919
2025-11-05 00:00:00+00:00,6900.0,21099.570421643253,22144.36046790379,49039.37864256651
2025-11-06 00:00:00+00:00,6900.0,21099.570421643253,22144.36046790379,47840.777542092546
2025-11-07 00:00:00+00:00,6900.0,21099.570421643253,22144.36046790379,48781.59953447126
2025-11-08 00:00:00+00:00,6900.0,21099.570421643253,22144.36046790379,48297.206306407854
2025-11-09 00:00:00+00:00,6900.0,21099.570421643253,22144.36046790379,49434.86526863266
2025-11-10 00:00:00+00:00,6900.0,21099.570421643253,22144.36046790379,50042.950739030886
2025-11-11 00:00:00+00:00,6900.0,21099.570421643253,22144.36046790379,48649.38200153396
2025-11-12 00:00:00+00:00,6900.0,21099.570421643253,22144.36046790379,47986.325872738256
2025-11-13 00:00:00+00:00,6900.0,21099.570421643253,22144.36046790379,47059.991209738844
2025-11-14 00:00:00+00:00,6900.0,21099.570421643253,22144.36046790379,44653.45178575011
2025-11-15 00:00:00+00:00,6900.0,21099.570421643253,22144.36046790379,45126.562929350664
2025-11-16 00:00:00+00:00,6900.0,21099.570421643253,22144.36046790379,44496.46559290629
2025-11-17 00:00:00+00:00,6900.0,21099.570421643253,22144.36046790379,43530.50201816391
2025-11-18 00:00:00+00:00,6900.0,21099.570421643253,22144.36046790379,43882.50777394246
2025-11-19 00:00:00+00:00,6900.0,21099.570421643253,22144.36046790379,43218.86157796774
2025-11-20 00:00:00+00:00,6900.0,21099.570421643253,22144.36046790379,40897.42872334337
2025-11-21 00:00:00+00:00,6900.0,21099.570421643253,22144.36046790379,40185.66608932267
2025-11-22 00:00:00+00:00,6900.0,21099.570421643253,22144.36046790379,40001.71146612894
2025-11-23 00:00:00+00:00,6900.0,21099.570421643253,22144.36046790379,40988.42652342308
2025-11-24 00:00:00+00:00,6900.0,21099.570421643253,22144.36046790379,41682.35024648765
2025-11-25 00:00:00+00:00,6900.0,21099.570421643253,22144.36046790379,41243.316662609854
2025-11-26 00:00:00+00:00,6900.0,21099.570421643253,22144.36046790379,42713.32034220827
2025-11-27 00:00:00+00:00,6900.0,21099.570421643253,22144.36046790379,43114.532980179625
2025-11-28 00:00:00+00:00,6900.0,21099.570421643253,22144.36046790379,42905.29515849925
2025-11-29 00:00:00+00:00,6900.0,21099.570421643253,22144.36046790379,42863.631695123026
2025-11-30 00:00:00+00:00,6900.0,21099.570421643253,22144.36046790379,42654.776236974656
2025-12-01 00:00:00+00:00,7000.0,21199.570421643253,22244.36046790379,40831.63400765114
2025-12-02 00:00:00+00:00,7000.0,21199.570421643253,22244.36046790379,43193.6895905635
2025-12-03 00:00:00+00:00,7000.0,21199.570421643253,22244.36046790379,44212.07261564213
2025-12-04 00:00:00+00:00,7000.0,21199.570421643253,22244.36046790379,43572.34350470543
2025-12-05 00:00:00+00:00,7000.0,21199.570421643253,22244.36046790379,42271.950431721474
2025-12-06 00:00:00+00:00,7000.0,21199.570421643253,22244.36046790379,42227.82351341093
2025-12-07 00:00:00+00:00,7000.0,21199.570421643253,22244.36046790379,42776.04782870462
2025-12-08 00:00:00+00:00,7000.0,21199.570421643253,22244.36046790379,42889.15943496489
2025-12-09 00:00:00+00:00,7000.0,21199.570421643253,22244.36046790379,43856.620232918605
2025-12-10 00:00:00+00:00,7000.0,21199.570421643253,22244.36046790379,43542.677912116815
2025-12-11 00:00:00+00:00,7000.0,21199.570421643253,22244.36046790379,43778.34168249576
2025-12-12 00:00:00+00:00,7000.0,21199.570421643253,22244.36046790379,42716.00209503786
2025-12-13 00:00:00+00:00,7000.0,21199.570421643253,22244.36046790379,42702.55817279439
2025-12-14 00:00:00+00:00,7000.0,21199.570421643253,22244.36046790379,41724.03370352593
2025-12-15 00:00:00+00:00,7000.0,21199.570421643253,22244.36046790379,40900.60411335969
2025-12-16 00:00:00+00:00,7000.0,21199.570421643253,22244.36046790379,41577.929831907895
2025-12-17 00:00:00+00:00,7000.0,21199.570421643253,22244.36046790379,40811.23349896687
2025-12-18 00:00:00+00:00,7000.0,21199.570421643253,22244.36046790379,40467.29907004151
2025-12-19 00:00:00+00:00,7000.0,21199.570421643253,22244.36046790379,41707.362482806566
2025-12-20 00:00:00+00:00,7000.0,21199.570421643253,22244.36046790379,41813.342800499115
2025-12-21 00:00:00+00:00,7000.0,21199.570421643253,22244.36046790379,41954.34072628798
2025-12-22 00:00:00+00:00,7000.0,21199.570421643253,22244.36046790379,41936.325586555184
2025-12-23 00:00:00+00:00,7000.0,21199.570421643253,22244.36046790379,41399.33056639833
2025-12-24 00:00:00+00:00,7000.0,21199.570421643253,22244.36046790379,41486.14110971275
2025-12-25 00:00:00+00:00,7000.0,21199.570421643253,22244.36046790379,41275.95028316927
2025-12-26 00:00:00+00:00,7000.0,21199.570421643253,22244.36046790379,41344.22988684787
2025-12-27 00:00:00+00:00,7000.0,21199.570421643253,22244.36046790379,41584.36076831369
2025-12-28 00:00:00+00:00,7000.0,21199.570421643253,22244.36046790379,41620.182834974374
2025-12-29 00:00:00+00:00,7000.0,21199.570421643253,22244.36046790379,41281.56256468309
2025-12-30 00:00:00+00:00,7000.0,21199.570421643253,22244.36046790379,41872.30014904938
2025-12-31 00:00:00+00:00,7000.0,21199.570421643253,22244.36046790379,41476.094841876475
2026-01-01 00:00:00+00:00,7100.0,21299.570421643253,22344.36046790379,42139.603869893275
2026-01-02 00:00:00+00:00,7100.0,21299.570421643253,22344.36046790379,42687.825266990105
2026-01-03 00:00:00+00:00,7100.0,21299.570421643253,22344.36046790379,42988.022298262484
2026-01-04 00:00:00+00:00,7100.0,21299.570421643253,22344.36046790379,43415.73950695756
2026-01-05 00:00:00+00:00,7100.0,21299.570421643253,22344.36046790379,44520.93018911538
2026-01-06 00:00:00+00:00,7100.0,21299.570421643253,22344.36046790379,44467.928014494006
2026-01-07 00:00:00+00:00,7100.0,21299.570421643253,22344.36046790379,43337.20388809179
2026-01-08 00:00:00+00:00,7100.0,21299.570421643253,22344.36046790379,43211.89885435518
2026-01-09 00:00:00+00:00,7100.0,21299.570421643253,22344.36046790379,42994.316721541756
2026-01-10 00:00:00+00:00,7100.0,21299.570421643253,22344.36046790379,42929.53206958375
2026-01-11 00:00:00+00:00,7100.0,21299.570421643253,22344.36046790379,43170.94478457882
2026-01-12 00:00:00+00:00,7100.0,21299.570421643253,22344.36046790379,43304.968092608804
2026-01-13 00:00:00+00:00,7100.0,21299.570421643253,22344.36046790379,45258.18408201192
2026-01-14 00:00:00+00:00,7100.0,21299.570421643253,22344.36046790379,45987.606706759194
2026-01-15 00:00:00+00:00,7100.0,21299.570421643253,22344.36046790379,45348.68716880053
2026-01-16 00:00:00+00:00,7100.0,21299.570421643253,22344.36046790379,45323.13949451104
2026-01-17 00:00:00+00:00,7100.0,21299.570421643253,22344.36046790379,45131.90191851229
2026-01-18 00:00:00+00:00,7100.0,21299.570421643253,22344.36046790379,44432.433538684825
2026-01-19 00:00:00+00:00,7100.0,21299.570421643253,22344.36046790379,43938.1102322599
2026-01-20 00:00:00+00:00,7100.0,21299.570421643253,22344.36046790379,41944.31964094957
2026-01-21 00:00:00+00:00,7100.0,21299.570421643253,22344.36046790379,42431.49472138967
2026-01-22 00:00:00+00:00,7100.0,21299.570421643253,22344.36046790379,42481.271419123404
2026-01-23 00:00:00+00:00,7100.0,21299.570421643253,22344.36046790379,42500.52467013362
2026-01-24 00:00:00+00:00,7100.0,21299.570421643253,22344.36046790379,42322.68705326368
2026-01-25 00:00:00+00:00,7100.0,21299.570421643253,22344.36046790379,41110.77103291176
2026-01-26 00:00:00+00:00,7100.0,21299.570421643253,22344.36046790379,41906.097739830984
2026-01-27 00:00:00+00:00,7100.0,21299.570421643253,22344.36046790379,42334.38415032976
2026-01-28 00:00:00+00:00,7100.0,21299.570421643253,22344.36046790379,42358.09614880231
2026-01-29 00:00:00+00:00,7100.0,21299.570421643253,22344.36046790379,40152.519796379594
2026-01-30 00:00:00+00:00,7100.0,21299.570421643253,22344.36046790379,39967.68574067249
2026-01-31 00:00:00+00:00,7100.0,21299.570421643253,22344.36046790379,37349.64204454554
2026-02-01 00:00:00+00:00,7200.0,21399.570421643253,22444.36046790379,36608.70329975634
2026-02-02 00:00:00+00:00,7200.0,21399.570421643253,22444.36046790379,37450.61079202839
2026-02-03 00:00:00+00:00,7200.0,21399.570421643253,22444.36046790379,36038.744452565996
2026-02-04 00:00:00+00:00,7200.0,21399.570421643253,22444.36046790379,34800.017711840665
2026-02-05 00:00:00+00:00,7200.0,21399.570421643253,22444.36046790379,29921.9491154466
2026-02-06 00:00:00+00:00,7200.0,21399.570421643253,22444.36046790379,33570.23761100392
2026-02-07 00:00:00+00:00,7200.0,21399.570421643253,22444.36046790379,32956.25363974492
2026-02-08 00:00:00+00:00,7200.0,21399.570421643253,22444.36046790379,33451.386660692355
2026-02-09 00:00:00+00:00,7200.0,21399.570421643253,22444.36046790379,33359.88455639853
2026-02-10 00:00:00+00:00,7200.0,21399.570421643253,22444.36046790379,32743.12764996938
2026-02-11 00:00:00+00:00,7200.0,21399.570421643253,22444.36046790379,31906.60017326265
2026-02-12 00:00:00+00:00,7200.0,21399.570421643253,22444.36046790379,31521.17169725424
2026-02-13 00:00:00+00:00,7200.0,21399.570421643253,22444.36046790379,32749.153908735385
2026-02-14 00:00:00+00:00,7200.0,21399.570421643253,22444.36046790379,33210.036661826496
2026-02-15 00:00:00+00:00,7200.0,21399.570421643253,22444.36046790379,32738.984894337827
2026-02-16 00:00:00+00:00,7200.0,21399.570421643253,22444.36046790379,32767.451475801518
2026-02-17 00:00:00+00:00,7200.0,21399.570421643253,22444.36046790379,32106.841289323045
2026-02-18 00:00:00+00:00,7200.0,21399.570421643253,22444.36046790379,31610.985307576535
2026-02-19 00:00:00+00:00,7200.0,21399.570421643253,22444.36046790379,31869.12511973676
2026-02-20 00:00:00+00:00,7200.0,21399.570421643253,22444.36046790379,32352.500515057083
2026-02-21 00:00:00+00:00,7200.0,21399.570421643253,22444.36046790379,32331.534651883823
2026-02-22 00:00:00+00:00,7200.0,21399.570421643253,22444.36046790379,32173.37270812239
2026-02-23 00:00:00+00:00,7200.0,21399.570421643253,22444.36046790379,30752.47887131362
2026-02-24 00:00:00+00:00,7200.0,21399.570421643253,22444.36046790379,30468.112704902633
2026-02-25 00:00:00+00:00,7200.0,21399.570421643253,22444.36046790379,32337.29455667121
2026-02-26 00:00:00+00:00,7200.0,21399.570421643253,22444.36046790379,32098.11819652364
2026-02-27 00:00:00+00:00,7200.0,21399.570421643253,22444.36046790379,31330.885561144314
2026-02-28 00:00:00+00:00,7200.0,21399.570421643253,22444.36046790379,31854.632609507877
2026-03-01 00:00:00+00:00,7300.0,21499.570421643253,22544.36046790379,31385.40086297601
2026-03-02 00:00:00+00:00,7300.0,21499.570421643253,22544.36046790379,32842.26963474021
2026-03-03 00:00:00+00:00,7300.0,21499.570421643253,22544.36046790379,32607.483159231248
2026-03-04 00:00:00+00:00,7300.0,21499.570421643253,22544.36046790379,34672.95617388174
2026-03-05 00:00:00+00:00,7300.0,21499.570421643253,22544.36046790379,33825.51374851148
2026-03-06 00:00:00+00:00,7300.0,21499.570421643253,22544.36046790379,32500.611081060913
2026-03-07 00:00:00+00:00,7300.0,21499.570421643253,22544.36046790379,32094.503864114948
2026-03-08 00:00:00+00:00,7300.0,21499.570421643253,22544.36046790379,31478.16431552396
2026-03-09 00:00:00+00:00,7300.0,21499.570421643253,22544.36046790379,32652.41161213115
2026-03-10 00:00:00+00:00,7300.0,21499.570421643253,22544.36046790379,33375.995415966194
2026-03-11 00:00:00+00:00,7300.0,21499.570421643253,22544.36046790379,33492.05263345602
2026-03-12 00:00:00+00:00,7300.0,21499.570421643253,22544.36046790379,33658.80704848848
2026-03-13 00:00:00+00:00,7300.0,21499.570421643253,22544.36046790379,33844.256204224184
2026-03-14 00:00:00+00:00,7300.0,21499.570421643253,22544.36046790379,33978.78867337378
2026-03-15 00:00:00+00:00,7300.0,21499.570421643253,22544.36046790379,34743.798648414966
2026-03-16 00:00:00+00:00,7300.0,21499.570421643253,22544.36046790379,35731.22736851517
2026-03-17 00:00:00+00:00,7300.0,21499.570421643253,22544.36046790379,35265.85810982996
2026-03-18 00:00:00+00:00,7300.0,21499.570421643253,22544.36046790379,33995.293295143194
2026-03-19 00:00:00+00:00,7300.0,21499.570421643253,22544.36046790379,33367.10610970531
2026-03-20 00:00:00+00:00,7300.0,21499.570421643253,22544.36046790379,33644.201484095254
2026-03-21 00:00:00+00:00,7300.0,21499.570421643253,22544.36046790379,32884.28747206354
2026-03-22 00:00:00+00:00,7300.0,21499.570421643253,22544.36046790379,32378.928263956706
2026-03-23 00:00:00+00:00,7300.0,21499.570421643253,22544.36046790379,33833.019319498264
2026-03-24 00:00:00+00:00,7300.0,21499.570421643253,22544.36046790379,33666.15515994407
2026-03-25 00:00:00+00:00,7300.0,21499.570421643253,22544.36046790379,34038.232032148946
2026-03-26 00:00:00+00:00,7300.0,21499.570421643253,22544.36046790379,32837.617421318646
2026-03-27 00:00:00+00:00,7300.0,21499.570421643253,22544.36046790379,31686.239928741757
2026-03-28 00:00:00+00:00,7300.0,21499.570421643253,22544.36046790379,31671.80613838256
2026-03-29 00:00:00+00:00,7300.0,21499.570421643253,22544.36046790379,31497.121488779194
2026-03-30 00:00:00+00:00,7300.0,21499.570421643253,22544.36046790379,31872.371409112624
2026-03-31 00:00:00+00:00,7300.0,21499.570421643253,22544.36046790379,32581.946086172597
2026-04-01 00:00:00+00:00,7400.0,21599.570421643253,22644.36046790379,32600.563366051458
2026-04-02 00:00:00+00:00,7400.0,21599.570421643253,22644.36046790379,32020.36175482093
2026-04-03 00:00:00+00:00,7400.0,21599.570421643253,22644.36046790379,32050.184316764793
2026-04-04 00:00:00+00:00,7400.0,21599.570421643253,22644.36046790379,32211.05672120344
2026-04-05 00:00:00+00:00,7400.0,21599.570421643253,22644.36046790379,33040.86196908976
2026-04-06 00:00:00+00:00,7400.0,21599.570421643253,22644.36046790379,32954.46221171364
2026-04-07 00:00:00+00:00,7400.0,21599.570421643253,22644.36046790379,34424.08130659979
2026-04-08 00:00:00+00:00,7400.0,21599.570421643253,22644.36046790379,34015.20445789131
2026-04-09 00:00:00+00:00,7400.0,21599.570421643253,22644.36046790379,34358.86987882172
2026-04-10 00:00:00+00:00,7400.0,21599.570421643253,22644.36046790379,34921.11443334455
2026-04-11 00:00:00+00:00,7400.0,21599.570421643253,22644.36046790379,34959.62387539243
2026-04-12 00:00:00+00:00,7400.0,21599.570421643253,22644.36046790379,33857.76373005574
2026-04-13 00:00:00+00:00,7400.0,21599.570421643253,22644.36046790379,35617.63948825209
2026-04-14 00:00:00+00:00,7400.0,21599.570421643253,22644.36046790379,35480.54472588327
2026-04-15 00:00:00+00:00,7400.0,21599.570421643253,22644.36046790379,35805.25695385946
2026-04-16 00:00:00+00:00,7400.0,21599.570421643253,22644.36046790379,35970.04443704471
2026-04-17 00:00:00+00:00,7400.0,21599.570421643253,22644.36046790379,36887.89109513123
2026-04-18 00:00:00+00:00,7400.0,21599.570421643253,22644.36046790379,36227.286169799794
2026-04-19 00:00:00+00:00,7400.0,21599.570421643253,22644.36046790379,35322.7163191009
2026-04-20 00:00:00+00:00,7400.0,21599.570421643253,22644.36046790379,36298.700460726526
2026-04-21 00:00:00+00:00,7400.0,21599.570421643253,22644.36046790379,36535.701523531265
2026-04-22 00:00:00+00:00,7400.0,21599.570421643253,22644.36046790379,37417.350454771135
2026-04-23 00:00:00+00:00,7400.0,21599.570421643253,22644.36046790379,37455.28077147875
2026-04-24 00:00:00+00:00,7400.0,21599.570421643253,22644.36046790379,37062.64814925679
2026-04-25 00:00:00+00:00,7400.0,21599.570421643253,22644.36046790379,37152.56573411306
2026-04-26 00:00:00+00:00,7400.0,21599.570421643253,22644.36046790379,37646.76066807452
2026-04-27 00:00:00+00:00,7400.0,21599.570421643253,22644.36046790379,37031.150431370006
2026-04-28 00:00:00+00:00,7400.0,21599.570421643253,22644.36046790379,36538.86996134331
2026-04-29 00:00:00+00:00,7400.0,21599.570421643253,22644.36046790379,36269.519244200805
2026-04-30 00:00:00+00:00,7400.0,21599.570421643253,22644.36046790379,36540.688702081345
2026-05-01 00:00:00+00:00,7500.0,21699.570421643253,22744.36046790379,37542.66924030846
2026-05-02 00:00:00+00:00,7500.0,21699.570421643253,22744.36046790379,37761.2113777658
2026-05-03 00:00:00+00:00,7500.0,21699.570421643253,22744.36046790379,37704.44971960104
2026-05-04 00:00:00+00:00,7500.0,21699.570421643253,22744.36046790379,38324.68169016638
2026-05-05 00:00:00+00:00,7500.0,21699.570421643253,22744.36046790379,38825.9339692472
2026-05-06 00:00:00+00:00,7500.0,21699.570421643253,22744.36046790379,39085.79083667735
2026-05-07 00:00:00+00:00,7500.0,21699.570421643253,22744.36046790379,38394.2612709688
2026-05-08 00:00:00+00:00,7500.0,21699.570421643253,22744.36046790379,38484.082707887115
2026-05-09 00:00:00+00:00,7500.0,21699.570421643253,22744.36046790379,38716.94083598391
2026-05-10 00:00:00+00:00,7500.0,21699.570421643253,22744.36046790379,39451.97743525028
2026-05-11 00:00:00+00:00,7500.0,21699.570421643253,22744.36046790379,39229.105865374724
2026-05-12 00:00:00+00:00,7500.0,21699.570421643253,22744.36046790379,38633.47317277291
2026-05-13 00:00:00+00:00,7500.0,21699.570421643253,22744.36046790379,38061.98865939709
2026-05-14 00:00:00+00:00,7500.0,21699.570421643253,22744.36046790379,38914.459697025806
2026-05-15 00:00:00+00:00,7500.0,21699.570421643253,22744.36046790379,37965.81824769419
2026-05-16 00:00:00+00:00,7500.0,21699.570421643253,22744.36046790379,37502.64542055262
2026-05-17 00:00:00+00:00,7500.0,21699.570421643253,22744.36046790379,37171.33739245158
2026-05-18 00:00:00+00:00,7500.0,21699.570421643253,22744.36046790379,36952.602493977625
2026-05-19 00:00:00+00:00,7500.0,21699.570421643253,22744.36046790379,36872.215739165484
2026-05-20 00:00:00+00:00,7500.0,21699.570421643253,22744.36046790379,37216.71600587786
2026-05-21 00:00:00+00:00,7500.0,21699.570421643253,22744.36046790379,37247.08838789721
2026-05-22 00:00:00+00:00,7500.0,21699.570421643253,22744.36046790379,36250.82242929714
2026-05-23 00:00:00+00:00,7500.0,21699.570421643253,22744.36046790379,36832.69661040434
2026-05-24 00:00:00+00:00,7500.0,21699.570421643253,22744.36046790379,36982.87889754218
2026-05-25 00:00:00+00:00,7500.0,21699.570421643253,22744.36046790379,37106.235206565274
2026-05-26 00:00:00+00:00,7500.0,21699.570421643253,22744.36046790379,36438.22516120382
2026-05-27 00:00:00+00:00,7500.0,21699.570421643253,22744.36046790379,35727.643872218796
2026-05-28 00:00:00+00:00,7500.0,21699.570421643253,22744.36046790379,35328.47427765615
2026-05-29 00:00:00+00:00,7500.0,21699.570421643253,22744.36046790379,35253.26076155737
2026-05-30 00:00:00+00:00,7500.0,21699.570421643253,22744.36046790379,35456.54312880961
2026-05-31 00:00:00+00:00,7500.0,21699.570421643253,22744.36046790379,35355.77055019937
2026-06-01 00:00:00+00:00,7600.0,21799.570421643253,22844.36046790379,34368.57940245086
2026-06-02 00:00:00+00:00,7600.0,21799.570421643253,22844.36046790379,32131.355391539986
2026-06-03 00:00:00+00:00,7600.0,21799.570421643253,22844.36046790379,30871.298275361485
2026-06-04 00:00:00+00:00,7600.0,21799.570421643253,22844.36046790379,30747.72211834948
2026-06-05 00:00:00+00:00,7600.0,21799.570421643253,22844.36046790379,29385.900932071985
2026-06-06 00:00:00+00:00,7600.0,21799.570421643253,22844.36046790379,29303.191154137287
2026-06-07 00:00:00+00:00,7600.0,21799.570421643253,22844.36046790379,30481.096789398278
2026-06-08 00:00:00+00:00,7600.0,21799.570421643253,22844.36046790379,30362.689692700606
2026-06-09 00:00:00+00:00,7600.0,21799.570421643253,22844.36046790379,29710.06454413109
2026-06-10 00:00:00+00:00,7600.0,21799.570421643253,22844.36046790379,29604.65710470439
2026-06-11 00:00:00+00:00,7600.0,21799.570421643253,22844.36046790379,30622.586580013594
2026-06-12 00:00:00+00:00,7600.0,21799.570421643253,22844.36046790379,30600.456841349427
2026-06-13 00:00:00+00:00,7600.0,21799.570421643253,22844.36046790379,31023.029928499065
2026-06-14 00:00:00+00:00,7600.0,21799.570421643253,22844.36046790379,31643.143901627853
2026-06-15 00:00:00+00:00,7600.0,21799.570421643253,22844.36046790379,31923.39456554171
2026-06-16 00:00:00+00:00,7600.0,21799.570421643253,22844.36046790379,31608.76050601741
2026-06-17 00:00:00+00:00,7600.0,21799.570421643253,22844.36046790379,31047.763448941685
2026-06-18 00:00:00+00:00,7600.0,21799.570421643253,22844.36046790379,30301.09413040743
2026-06-19 00:00:00+00:00,7600.0,21799.570421643253,22844.36046790379,30583.082253142024
2026-06-20 00:00:00+00:00,7600.0,21799.570421643253,22844.36046790379,30946.02344336929
2026-06-21 00:00:00+00:00,7600.0,21799.570421643253,22844.36046790379,30471.46135294641
2026-06-22 00:00:00+00:00,7600.0,21799.570421643253,22844.36046790379,30812.22467545631
2026-06-23 00:00:00+00:00,7600.0,21799.570421643253,22844.36046790379,30193.5545739237
2026-06-24 00:00:00+00:00,7600.0,21799.570421643253,22844.36046790379,29396.25830432194
2026-06-25 00:00:00+00:00,7600.0,21799.570421643253,22844.36046790379,28778.28607406082
2026-06-26 00:00:00+00:00,7600.0,21799.570421643253,22844.36046790379,28924.247053718984
2026-06-27 00:00:00+00:00,7600.0,21799.570421643253,22844.36046790379,28891.389349095174
2026-06-28 00:00:00+00:00,7600.0,21799.570421643253,22844.36046790379,28673.850841508884
2026-06-29 00:00:00+00:00,7600.0,21799.570421643253,22844.36046790379,29002.66853301302
2026-06-30 00:00:00+00:00,7600.0,21799.570421643253,22844.36046790379,28215.517867827108
2026-07-01 00:00:00+00:00,7700.0,21899.570421643253,22944.36046790379,28988.98289643487
2026-07-02 00:00:00+00:00,7700.0,21899.570421643253,22944.36046790379,29730.647641060765
2026-07-03 00:00:00+00:00,7700.0,21899.570421643253,22944.36046790379,30224.8351411451
2026-07-04 00:00:00+00:00,7700.0,21899.570421643253,22944.36046790379,30495.651591189366
2026-07-05 00:00:00+00:00,7700.0,21899.570421643253,22944.36046790379,30740.021480726406
2026-07-06 00:00:00+00:00,7700.0,21899.570421643253,22944.36046790379,30929.349103992303
2026-07-07 00:00:00+00:00,7700.0,21899.570421643253,22944.36046790379,30601.8918099691
2026-07-08 00:00:00+00:00,7700.0,21899.570421643253,22944.36046790379,30083.204053958332
2026-07-09 00:00:00+00:00,7700.0,21899.570421643253,22944.36046790379,30537.180804812735
2026-07-10 00:00:00+00:00,7700.0,21899.570421643253,22944.36046790379,30987.1586966277
2026-07-11 00:00:00+00:00,7700.0,21899.570421643253,22944.36046790379,30821.640705082144
2026-07-12 00:00:00+00:00,7700.0,21899.570421643253,22944.36046790379,30802.80549946159
2026-07-13 00:00:00+00:00,7700.0,21899.570421643253,22944.36046790379,30104.70516560518
2026-07-14 00:00:00+00:00,7700.0,21899.570421643253,22944.36046790379,31413.24968408388
2026-07-15 00:00:00+00:00,7700.0,21899.570421643253,22944.36046790379,31274.303821083013
2026-07-16 00:00:00+00:00,7700.0,21899.570421643253,22944.36046790379,30827.049789773173
2026-07-17 00:00:00+00:00,7700.0,21899.570421643253,22944.36046790379,30876.055131165936
2026-07-18 00:00:00+00:00,7700.0,21899.570421643253,22944.36046790379,31311.94525508471
2026-07-19 00:00:00+00:00,7700.0,21899.570421643253,22944.36046790379,31258.00895345128
2026-07-20 00:00:00+00:00,7700.0,21899.570421643253,22944.36046790379,31515.408941645826
2026-07-21 00:00:00+00:00,7700.0,21899.570421643253,22944.36046790379,32143.56304909134
2026-07-22 00:00:00+00:00,7700.0,21899.570421643253,22944.36046790379,31930.256760208504
2026-07-23 00:00:00+00:00,7700.0,21899.570421643253,22944.36046790379,31439.80732400886
2026-07-24 00:00:00+00:00,7700.0,21899.570421643253,22944.36046790379,30976.664106419117
2026-07-25 00:00:00+00:00,7700.0,21899.570421643253,22944.36046790379,31090.16312367262
2026-07-26 00:00:00+00:00,7700.0,21899.570421643253,22944.36046790379,31585.18613416013
2026-07-27 00:00:00+00:00,7700.0,21899.570421643253,22944.36046790379,30791.146990136458
2026-07-28 00:00:00+00:00,7700.0,21899.570421643253,22944.36046790379,30868.004288148128
2026-07-29 00:00:00+00:00,7700.0,21899.570421643253,22944.36046790379,30901.463340594077
2026-07-30 00:00:00+00:00,7700.0,21899.570421643253,22944.36046790379,31285.769148812036
2026-07-31 00:00:00+00:00,7700.0,21899.570421643253,22944.36046790379,30371.952585661344
2026-08-01 00:00:00+00:00,7800.0,21999.570421643253,23044.36046790379,30440.92762132636
2026-08-02 00:00:00+00:00,7800.0,21999.570421643253,23044.36046790379,30802.4171832654
2026-08-03 00:00:00+00:00,7800.0,21999.570421643253,23044.36046790379,30778.190018578232
2026-08-04 00:00:00+00:00,7800.0,21999.570421643253,23044.36046790379,31062.403732956336
2026-08-05 00:00:00+00:00,7800.0,21999.570421643253,23044.36046790379,31333.10353487194
2026-08-06 00:00:00+00:00,7800.0,21999.570421643253,23044.36046790379,31167.573854863334
2026-08-07 00:00:00+00:00,7800.0,21999.570421643253,23044.36046790379,31458.09632292598
2026-08-08 00:00:00+00:00,7800.0,21999.570421643253,23044.36046790379,31477.192174132404
2026-08-09 00:00:00+00:00,7800.0,21999.570421643253,23044.36046790379,31447.63018778112
2026-08-10 00:00:00+00:00,7800.0,21999.570421643253,23044.36046790379,30996.23934619568
2026-08-11 00:00:00+00:00,7800.0,21999.570421643253,23044.36046790379,30816.9534820777
2026-08-12 00:00:00+00:00,7800.0,21999.570421643253,23044.36046790379,30758.80344139556
2026-08-13 00:00:00+00:00,7800.0,21999.570421643253,23044.36046790379,30764.07042699855
2026-08-14 00:00:00+00:00,7800.0,21999.570421643253,23044.36046790379,30547.334211707144
2026-08-15 00:00:00+00:00,7800.0,21999.570421643253,23044.36046790379,30567.90307452655
2026-08-16 00:00:00+00:00,7800.0,21999.570421643253,23044.36046790379,30477.77317645735
2026-08-17 00:00:00+00:00,7800.0,21999.570421643253,23044.36046790379,31268.596286175885
2026-08-18 00:00:00+00:00,7800.0,21999.570421643253,23044.36046790379,31362.268195722354
2026-08-19 00:00:00+00:00,7800.0,21999.570421643253,23044.36046790379,33595.70751760418
2026-08-20 00:00:00+00:00,7800.0,21999.570421643253,23044.36046790379,35383.84670710293
2026-08-21 00:00:00+00:00,7800.0,21999.570421643253,23044.36046790379,37958.16708156616
2026-08-22 00:00:00+00:00,7800.0,21999.570421643253,23044.36046790379,37346.14044723891
2026-08-23 00:00:00+00:00,7800.0,21999.570421643253,23044.36046790379,37665.488395846354
2026-08-24 00:00:00+00:00,7800.0,21999.570421643253,23044.36046790379,38275.40726684581
2026-08-25 00:00:00+00:00,7800.0,21999.570421643253,23044.36046790379,38055.61358337088
2026-08-26 00:00:00+00:00,7800.0,21999.570421643253,23044.36046790379,38290.42810895185
2026-08-27 00:00:00+00:00,7800.0,21999.570421643253,23044.36046790379,38884.395814721276
2026-08-28 00:00:00+00:00,7800.0,21999.570421643253,23044.36046790379,37719.69425411742
